ClinicID,ClinicName,ClinicPhone,ClinicEmail,ClinicAddress,ClinicCity,ClinicState,ClinicZip
1,Herman and Sons,1-(810)265-3496,jclemencet0@wix.com,8571 Pearson Terrace,Flint,MI,48550
2,Schimmel-Krajcik,1-(503)214-0954,bwiltshaw1@about.com,626 Boyd Court,Portland,OR,97216
3,Johnston  Johnson and Walter,1-(757)346-5026,hcamilletti2@dailymotion.com,0 Sutherland Junction,Herndon,VA,22070
4,Kerluke  Upton and Armstrong,1-(202)535-6418,emaher3@squarespace.com,191 Bultman Street,Washington,DC,20051
5,Wiegand LLC,1-(860)317-5412,dskarin4@icq.com,5125 Huxley Pass,Hartford,CT,6140
6,Koepp-Ebert,1-(907)702-9008,boliddy5@epa.gov,497 Becker Pass,Anchorage,AK,99512
7,Lubowitz  Leffler and O'Hara,1-(619)768-9926,jpye6@nymag.com,8 Mesta Court,Chula Vista,CA,91913
8,Mohr-Denesik,1-(916)774-9600,dlegg7@harvard.edu,78676 Del Mar Trail,Sacramento,CA,94237
9,Goldner-Altenwerth,1-(651)670-7205,eplank8@soup.io,412 Nobel Pass,Saint Paul,MN,55146
10,Hermiston Group,1-(714)572-5564,sstentiford9@imgur.com,7725 Arrowood Hill,Irvine,CA,92710
11,Anderson-Bahringer,1-(760)182-8938,bhanselmanna@usda.gov,23237 Sheridan Parkway,Los Angeles,CA,90040
12,Emard LLC,1-(754)833-0910,dhadleighb@elegantthemes.com,99 Dovetail Road,Pompano Beach,FL,33069
13,Hahn Group,1-(915)940-0536,ycurpheyc@cdbaby.com,0711 Garrison Parkway,El Paso,TX,79984
14,Gottlieb and Sons,1-(203)718-2610,klyled@answers.com,26 Anderson Junction,Norwalk,CT,6854
15,Koepp  Will and McClure,1-(203)634-4455,pskitche@pcworld.com,7876 Randy Plaza,Norwalk,CT,6859
16,Berge LLC,1-(212)208-4398,bboldersonf@twitpic.com,8820 Surrey Road,New York City,NY,10004
17,Murray and Sons,1-(516)511-8520,mwinnardg@odnoklassniki.ru,90 Hanson Hill,New Hyde Park,NY,11044
18,Wiza  Howe and Balistreri,1-(619)957-6242,agrzesiakh@army.mil,8 Tennyson Center,San Diego,CA,92132
19,Schaden-Bradtke,1-(847)515-3236,sloryi@cafepress.com,75246 Fair Oaks Center,Evanston,IL,60208
20,Greenfelder Inc,1-(937)540-3072,saitchisonj@washington.edu,3739 Bonner Park,Dayton,OH,45470
21,Price LLC,1-(918)619-3145,spratek@army.mil,8 Red Cloud Crossing,Tulsa,OK,74103
22,Dicki and Sons,1-(952)222-4326,lrhucroftl@webeden.co.uk,31683 Dovetail Plaza,Young America,MN,55551
23,Farrell  Langosh and Marquardt,1-(321)753-4907,apundm@blogspot.com,9239 Veith Drive,Orlando,FL,32803
24,Franecki-Feest,1-(615)989-6575,ldobeyn@home.pl,53531 Thierer Court,Nashville,TN,37235
25,Williamson  Kuvalis and Feeney,1-(213)563-7193,ypaudino@gov.uk,4 Jackson Hill,Los Angeles,CA,90050
26,Kuhlman  Bradtke and Hudson,1-(260)153-6152,iabbeyp@theguardian.com,15 Duke Street,Fort Wayne,IN,46857
27,Rippin Group,1-(772)956-0912,ccorkittq@paginegialle.it,666 Green Plaza,Vero Beach,FL,32969
28,Mraz-Emmerich,1-(901)688-6103,ebouslerr@loc.gov,1 Scofield Lane,Memphis,TN,38168
29,Schulist  Herzog and Ernser,1-(314)254-7563,nsumblers@whitehouse.gov,669 Fisk Center,Saint Louis,MO,63158
30,Welch  Bruen and Mraz,1-(616)214-7796,ableddont@oaic.gov.au,24313 Hayes Way,Grand Rapids,MI,49560
31,Morissette Group,1-(325)696-9047,sabrahmoviciu@mashable.com,11013 Beilfuss Hill,Abilene,TX,79605
32,Considine-Bechtelar,1-(817)907-1169,elidgatev@umn.edu,63 Reindahl Park,Fort Worth,TX,76129
33,Bashirian and Sons,1-(316)807-4689,kduigedw@deviantart.com,89982 Brown Place,Wichita,KS,67215
34,Hickle-O'Keefe,1-(714)763-5018,mwhetnellx@joomla.org,3826 Reinke Avenue,Irvine,CA,92710
35,Quitzon  Mante and Morissette,1-(267)272-7120,aclancyy@blogspot.com,87713 Springview Road,Philadelphia,PA,19146
36,Borer LLC,1-(856)713-7031,ohighwayz@foxnews.com,783 Dunning Parkway,Camden,NJ,8104
37,Cruickshank and Sons,1-(405)942-4368,lseally10@irs.gov,5984 Arapahoe Way,Oklahoma City,OK,73152
38,Satterfield LLC,1-(513)897-3722,cwatling11@tinyurl.com,3 Lindbergh Terrace,Cincinnati,OH,45238
39,Rice  Volkman and Wilderman,1-(412)935-2598,bmunns12@cornell.edu,9 Atwood Crossing,Mc Keesport,PA,15134
40,Gislason LLC,1-(215)406-5899,ghackly13@mysql.com,542 Montana Circle,Philadelphia,PA,19196
41,Pollich-Okuneva,1-(518)507-1141,bmaccrea14@ask.com,09647 Bashford Park,Albany,NY,12210
42,Hirthe-Zieme,1-(512)666-2935,acottesford15@hugedomains.com,55 Oakridge Road,Austin,TX,78769
43,McGlynn and Sons,1-(419)934-2108,jmcglue16@nasa.gov,56943 Blaine Road,Lima,OH,45807
44,Dibbert-Willms,1-(251)981-5440,hbrimelow17@irs.gov,3521 Annamark Court,Mobile,AL,36616
45,Bogan-Braun,1-(304)823-3015,cerskin18@tiny.cc,446 Forest Run Plaza,Huntington,WV,25716
46,Wuckert-Runte,1-(918)526-0586,mgolsby19@blogger.com,84869 Quincy Center,Tulsa,OK,74184
47,Dach LLC,1-(949)881-0013,gsilverthorne1a@mapquest.com,8 Menomonie Hill,Santa Clara,CA,95054
48,Kertzmann-Pagac,1-(831)480-3591,lbothen1b@mapquest.com,2294 Clemons Trail,Santa Clara,CA,95054
49,Toy  Kessler and Fay,1-(314)840-8247,ibreslane1c@globo.com,77 Nova Circle,Saint Louis,MO,63110
50,Bechtelar Group,1-(508)546-1412,tstollsteiner1d@ca.gov,10 Lakewood Road,Brockton,MA,2405
51,Schoen Inc,1-(510)365-0561,dstreatfield1e@webs.com,6921 Laurel Alley,Oakland,CA,94627
52,Miller Group,1-(260)747-1092,acrawshaw1f@free.fr,619 Rusk Circle,Fort Wayne,IN,46896
53,McKenzie-Zemlak,1-(808)837-3218,dbladesmith1g@imgur.com,22584 Huxley Center,Honolulu,HI,96815
54,Rodriguez  Kerluke and Murphy,1-(512)538-9979,lslowgrave1h@biglobe.ne.jp,9151 American Ash Point,Austin,TX,78764
55,Fritsch LLC,1-(414)711-8275,asirmon1i@guardian.co.uk,783 Linden Hill,Milwaukee,WI,53210
56,Osinski LLC,1-(510)827-0824,gbrader1j@answers.com,6 Caliangt Lane,Oakland,CA,94660
57,Torp  Greenholt and Cremin,1-(716)215-5855,hdegiorgio1k@amazon.de,7193 Milwaukee Street,Buffalo,NY,14225
58,Ortiz Group,1-(615)269-7124,bshelper1l@dedecms.com,28586 Westridge Crossing,Nashville,TN,37245
59,Predovic-Greenholt,1-(908)117-2041,lbaptista1m@slashdot.org,9 Tennessee Plaza,Jersey City,NJ,7310
60,Strosin  Kulas and Brakus,1-(626)630-2888,akynston1n@hostgator.com,13792 Delaware Lane,Pasadena,CA,91125
61,Zieme LLC,1-(918)538-3732,lvagg1o@slate.com,95612 Atwood Road,Tulsa,OK,74170
62,Morar  Klocko and Brown,1-(804)277-0386,aslyde1p@kickstarter.com,57521 Bluejay Drive,Richmond,VA,23213
63,Emmerich and Sons,1-(731)315-9284,vcullotey1q@comcast.net,164 Petterle Park,Jackson,TN,38308
64,Robel LLC,1-(319)290-1918,bgoldsby1r@bloomberg.com,85 Hallows Plaza,Waterloo,IA,50706
65,VonRueden-Bernhard,1-(334)229-4416,bzupo1s@ft.com,1 Garrison Trail,Birmingham,AL,35210
66,Cruickshank-Pacocha,1-(617)555-6571,bmctear1t@msn.com,1 Rowland Terrace,Boston,MA,2298
67,Spinka Inc,1-(386)607-5605,fsedgwick1u@de.vu,63 Dakota Plaza,Daytona Beach,FL,32123
68,McDermott  Hudson and Rodriguez,1-(269)517-2133,cnaden1v@discuz.net,00 Sachs Alley,Kalamazoo,MI,49048
69,Heidenreich Inc,1-(225)206-9899,lleaman1w@behance.net,575 Commercial Road,Baton Rouge,LA,70815
70,Altenwerth  Labadie and Will,1-(513)256-7602,gcopson1x@cornell.edu,0 Everett Street,Cincinnati,OH,45243
71,Kemmer  Kuhlman and Hamill,1-(612)400-4880,bblanden1y@zimbio.com,67 Moulton Junction,Minneapolis,MN,55417
72,Beahan  Morar and Prosacco,1-(404)250-0849,adenny1z@geocities.jp,05177 Nova Parkway,Atlanta,GA,31190
73,Von-Morar,1-(864)360-1716,swyrall20@cdbaby.com,17458 Kinsman Place,Greenville,SC,29610
74,Russel Group,1-(202)357-4814,abillin21@google.com.hk,11 Haas Way,Washington,DC,20022
75,Kshlerin-Abernathy,1-(626)234-6415,arickell22@soup.io,2039 Debs Place,Pasadena,CA,91131
76,Kunde and Sons,1-(316)978-9608,aantoons23@4shared.com,72 Judy Parkway,Wichita,KS,67260
77,Homenick LLC,1-(915)521-4418,tbutchard24@vistaprint.com,8 Nova Place,El Paso,TX,79945
78,Davis-Bradtke,1-(404)294-3082,llathleiff25@wired.com,67472 Lyons Plaza,Atlanta,GA,30343
79,Nitzsche Group,1-(734)479-2625,enealey26@google.com.br,48 Lighthouse Bay Way,Southfield,MI,48076
80,Rogahn Group,1-(716)186-4901,azuker27@clickbank.net,272 Elmside Junction,Buffalo,NY,14220
81,Pouros Group,1-(314)665-3502,cpearn28@indiegogo.com,8604 Service Circle,Saint Louis,MO,63131
82,MacGyver  Hyatt and Zieme,1-(212)168-5622,ccastelletto29@amazonaws.com,471 Utah Trail,New York City,NY,10039
83,Dare Inc,1-(913)453-7185,zgammill2a@ca.gov,982 Division Place,Kansas City,KS,66160
84,Sawayn-Beier,1-(202)527-0224,ppashbee2b@youtu.be,0 Mariners Cove Road,Washington,DC,20591
85,Kozey Inc,1-(916)792-9819,llambourne2c@cbslocal.com,681 Vermont Circle,Sacramento,CA,94230
86,Reynolds Group,1-(719)963-1220,hcastana2d@yellowbook.com,6297 Tennessee Court,Pueblo,CO,81005
87,Graham  Shanahan and Nader,1-(304)531-8556,mhaxell2e@slideshare.net,52 Lakeland Point,Huntington,WV,25770
88,Considine-Brakus,1-(757)910-6557,wjeeves2f@hao123.com,1174 5th Terrace,Newport News,VA,23612
89,Bergstrom LLC,1-(817)611-2829,yspridgen2g@merriam-webster.com,170 Forster Point,Fort Worth,TX,76121
90,Emmerich  Schoen and Roberts,1-(254)408-4500,lmatuska2h@sakura.ne.jp,5474 Kinsman Park,Waco,TX,76705
91,Dicki LLC,1-(214)556-3491,kmaccole2i@bravesites.com,92345 Reindahl Hill,Arlington,TX,76096
92,Koch-Beatty,1-(913)206-4020,cgottelier2j@wsj.com,59 Sunfield Place,Kansas City,KS,66160
93,Walsh Group,1-(202)852-3221,ekops2k@google.it,17086 Eastwood Lane,Washington,DC,20210
94,Feeney LLC,1-(727)880-2336,rchriston2l@last.fm,01 Texas Street,Clearwater,FL,33763
95,Nienow LLC,1-(707)179-2579,ddamsell2m@cnet.com,77 Scofield Junction,Petaluma,CA,94975
96,Lakin Group,1-(702)386-4672,aflatley2n@unc.edu,7882 Ramsey Lane,Las Vegas,NV,89145
97,Corkery LLC,1-(303)217-0912,ebednall2o@purevolume.com,87 Packers Court,Aurora,CO,80045
98,Gorczany-Torphy,1-(864)233-0023,jlumber2p@ustream.tv,04 Schiller Drive,Anderson,SC,29625
99,Lang LLC,1-(585)208-5135,fhehl2q@guardian.co.uk,8 Eagan Point,Rochester,NY,14683
100,Kshlerin  Mayer and Friesen,1-(864)848-3495,lparaman2r@cam.ac.uk,95 Sutherland Street,Greenville,SC,29610
101,Runte-Schmeler,1-(814)444-7159,amccarrison2s@arizona.edu,1 Maple Street,Erie,PA,16505
102,Ritchie-Kreiger,1-(215)541-3180,alacy2t@bizjournals.com,9 Colorado Alley,Philadelphia,PA,19151
103,Hahn-Bernhard,1-(916)686-6626,korodane2u@scientificamerican.com,32959 Waxwing Place,Sacramento,CA,94245
104,Luettgen-Connelly,1-(918)343-9964,gdomleo2v@unc.edu,3998 Hazelcrest Lane,Tulsa,OK,74149
105,Walker and Sons,1-(714)499-9403,nledster2w@w3.org,91685 Dovetail Circle,San Jose,CA,95128
106,Kuphal LLC,1-(202)237-2329,adytham2x@time.com,409 Dakota Plaza,Washington,DC,20420
107,Koss-Lowe,1-(210)972-8568,cludlom2y@irs.gov,5948 Elmside Pass,San Antonio,TX,78205
108,Cremin-Brekke,1-(202)606-2312,vcasley2z@examiner.com,6005 Esker Crossing,Washington,DC,20310
109,Bechtelar LLC,1-(314)310-3813,smadge30@sakura.ne.jp,0 Pankratz Parkway,Saint Louis,MO,63158
110,Ritchie-Vandervort,1-(720)791-8271,njeste31@chronoengine.com,368 Paget Terrace,Denver,CO,80204
111,Hintz-Marks,1-(812)873-9669,bbarnson32@clickbank.net,559 International Avenue,Evansville,IN,47712
112,Rempel Group,1-(772)132-3696,oadam33@yale.edu,86997 Manley Pass,Port Saint Lucie,FL,34985
113,Hickle-Bashirian,1-(415)109-9646,lpinare34@goo.gl,5981 International Trail,San Francisco,CA,94159
114,Ledner Inc,1-(206)729-8183,ddavidzon35@arizona.edu,8 Monument Hill,Seattle,WA,98133
115,Bashirian and Sons,1-(469)365-0672,bbuer36@ucsd.edu,02 Arapahoe Street,Dallas,TX,75342
116,Bosco Inc,1-(402)522-2278,mhuckett37@webnode.com,21 Miller Pass,Lincoln,NE,68505
117,Boehm  Crona and Kessler,1-(913)580-2182,ideath38@nasa.gov,4027 Miller Way,Shawnee Mission,KS,66225
118,Abbott Inc,1-(804)879-0536,jcorry39@macromedia.com,66 Truax Road,Richmond,VA,23260
119,Marvin-Connelly,1-(602)189-1480,rvandenbosch3a@prlog.org,62382 Division Crossing,Phoenix,AZ,85040
120,Doyle-Marvin,1-(510)653-8225,alitel3b@etsy.com,1655 Kropf Alley,Richmond,CA,94807
121,Mann Group,1-(714)802-1898,flohoar3c@gizmodo.com,7427 6th Pass,Anaheim,CA,92825
122,Kuhlman LLC,1-(716)616-1430,lwhitlam3d@themeforest.net,41918 North Alley,Buffalo,NY,14215
123,Beatty-Wiza,1-(801)152-5537,gkenninghan3e@feedburner.com,10950 Brown Junction,Salt Lake City,UT,84145
124,Jacobi Group,1-(574)145-2330,mbarnsley3f@walmart.com,2 Fremont Parkway,South Bend,IN,46699
125,Schaden  Hudson and D'Amore,1-(212)956-1411,brispin3g@canalblog.com,7 Prairie Rose Way,New York City,NY,10160
126,Koelpin-Sipes,1-(409)866-6872,rtabary3h@samsung.com,81997 Golf View Park,Spring,TX,77388
127,Lynch-Runolfsdottir,1-(702)198-8509,nkornel3i@pen.io,2044 Comanche Junction,Las Vegas,NV,89110
128,Purdy  Purdy and Krajcik,1-(412)968-2568,pfranklin3j@360.cn,8 Lerdahl Lane,Pittsburgh,PA,15279
129,Stiedemann-Huel,1-(915)756-5991,dgrinsdale3k@apple.com,42 Barby Pass,El Paso,TX,88563
130,Lang-Herzog,1-(608)319-8507,anorthbridge3l@liveinternet.ru,5 Mallard Lane,Madison,WI,53705
131,Windler  Rogahn and Howe,1-(914)951-5872,tbaudinet3m@angelfire.com,34 Burrows Court,Yonkers,NY,10705
132,Schiller  Bogisich and Barton,1-(402)352-2546,vdurden3n@amazon.com,9 Macpherson Alley,Omaha,NE,68110
133,Koepp  West and Hoeger,1-(704)940-5945,ayerbury3o@hp.com,07113 Manitowish Road,Charlotte,NC,28220
134,DuBuque  Eichmann and Mitchell,1-(317)670-5876,clinskey3p@macromedia.com,6841 Erie Alley,Indianapolis,IN,46254
135,Prohaska  Robel and Kris,1-(763)498-6751,caizikovich3q@nationalgeographic.com,4 Warner Crossing,Monticello,MN,55590
136,Von Inc,1-(414)522-4483,hrarity3r@hao123.com,07 Buell Hill,Milwaukee,WI,53215
137,Batz Inc,1-(202)687-0765,marmell3s@dailymotion.com,84956 Prairieview Road,Washington,DC,20067
138,Ernser-Hoppe,1-(727)567-0226,aclows3t@trellian.com,0 Portage Avenue,Saint Petersburg,FL,33731
139,MacGyver-Schumm,1-(408)497-0755,dshilling3u@marriott.com,3 Butterfield Pass,San Jose,CA,95150
140,Frami  Hickle and Runte,1-(509)479-7891,sstiger3v@imageshack.us,76 Armistice Park,Spokane,WA,99220
141,Lynch-Kautzer,1-(361)676-5386,ppiddle3w@dell.com,8 Kenwood Alley,Corpus Christi,TX,78410
142,Deckow  Gutkowski and Franecki,1-(501)556-2253,hrisbie3x@usgs.gov,971 Fulton Hill,North Little Rock,AR,72199
143,Torphy and Sons,1-(810)979-6461,ttavner3y@w3.org,301 Amoth Avenue,Flint,MI,48505
144,Konopelski  Bosco and Welch,1-(570)541-5337,bbright3z@over-blog.com,57903 Pleasure Crossing,Wilkes Barre,PA,18763
145,Stamm  Welch and Reichel,1-(256)480-4356,tgraffham40@mail.ru,7 Valley Edge Parkway,Anniston,AL,36205
146,Lakin-Marquardt,1-(585)908-0348,kcondie41@desdev.cn,6771 Harbort Circle,Rochester,NY,14652
147,Quigley LLC,1-(612)729-7957,lfranz42@gravatar.com,8262 Magdeline Lane,Minneapolis,MN,55448
148,Ryan  Dooley and Lindgren,1-(530)614-2695,raxtell43@europa.eu,73950 Killdeer Point,Sacramento,CA,95818
149,Davis-Hegmann,1-(414)329-8393,vflann44@amazon.co.jp,003 Erie Circle,Milwaukee,WI,53215
150,Carter  Barton and Balistreri,1-(718)449-6476,fsleany45@blinklist.com,83480 Donald Drive,Brooklyn,NY,11236
151,Homenick  Gulgowski and Mohr,1-(617)363-8546,kdurston46@soup.io,4 Old Gate Street,Boston,MA,2283
152,Reilly-Renner,1-(602)532-6444,sbrugger47@google.ru,2 La Follette Road,Glendale,AZ,85311
153,Ward and Sons,1-(248)169-1425,vniccolls48@barnesandnoble.com,735 Golden Leaf Avenue,Farmington,MI,48335
154,Lockman-Cummerata,1-(765)608-8883,mbennion49@booking.com,40918 Welch Park,Anderson,IN,46015
155,Lynch-Harber,1-(610)229-6448,kmcclune4a@theglobeandmail.com,0 Prairieview Way,Reading,PA,19605
156,Jerde Inc,1-(619)155-7893,bmarie4b@mail.ru,7020 Muir Point,San Diego,CA,92176
157,Hermiston  Doyle and Blick,1-(415)682-4402,jgoolden4c@purevolume.com,848 Walton Way,San Francisco,CA,94169
158,Heaney  Grimes and Leannon,1-(419)452-7883,thasling4d@narod.ru,1922 Kingsford Way,Lima,OH,45807
159,Oberbrunner  Jacobi and Mohr,1-(512)727-9588,dlakey4e@europa.eu,39383 Fulton Center,Austin,TX,78789
160,Breitenberg-Heidenreich,1-(570)844-9937,cfayer4f@netlog.com,63 Carberry Way,Scranton,PA,18514
161,Casper  Stamm and Yost,1-(315)875-1941,hgoodboddy4g@webnode.com,59628 Sutteridge Road,Syracuse,NY,13224
162,Metz Group,1-(210)849-3366,alohrensen4h@microsoft.com,04569 Larry Hill,San Antonio,TX,78296
163,Hilll  Fisher and Stehr,1-(302)625-1161,maldwick4i@shareasale.com,00501 Bashford Street,Wilmington,DE,19805
164,Wolff Group,1-(317)454-8866,floyd4j@indiatimes.com,59 Straubel Alley,Indianapolis,IN,46202
165,Friesen-Nienow,1-(239)234-3536,bpeverell4k@umich.edu,534 Wayridge Crossing,Naples,FL,33963
166,Fritsch-Torphy,1-(239)487-2346,rmallabar4l@bravesites.com,2 Briar Crest Hill,Naples,FL,34102
167,Moen  McKenzie and Kulas,1-(210)575-9690,pwaine4m@nytimes.com,90748 Vera Circle,San Antonio,TX,78296
168,VonRueden-Kohler,1-(919)699-5819,mclapston4n@sciencedaily.com,3 4th Road,Raleigh,NC,27635
169,Leannon  Borer and Hyatt,1-(515)547-3800,kallawy4o@csmonitor.com,12 Michigan Point,Des Moines,IA,50305
170,Schulist-Pollich,1-(915)445-6100,bchampneys4p@usda.gov,5 Talisman Court,El Paso,TX,79916
171,Hagenes Group,1-(817)996-3259,deddisforth4q@disqus.com,7312 Di Loreto Crossing,Fort Worth,TX,76129
172,Hoeger-Kulas,1-(540)363-4940,mlockless4r@wufoo.com,3 Dunning Road,Roanoke,VA,24040
173,Ritchie-Parisian,1-(803)710-6191,ospada4s@furl.net,3595 Moulton Plaza,Columbia,SC,29215
174,Murazik  Gottlieb and Schultz,1-(304)202-1090,scorkhill4t@skyrock.com,0022 Harbort Circle,Charleston,WV,25331
175,Kling-Greenfelder,1-(336)848-1776,brouzet4u@dot.gov,2184 Washington Road,Winston Salem,NC,27157
176,Schowalter  Murphy and Reichert,1-(239)533-1678,lkachel4v@springer.com,89 Garrison Place,Fort Myers,FL,33906
177,Mayer-Quigley,1-(915)505-9188,bloding4w@hexun.com,77453 Scott Circle,El Paso,TX,79950
178,Harvey  Witting and Kovacek,1-(215)200-7618,fpreshous4x@ameblo.jp,91413 Delaware Alley,Philadelphia,PA,19136
179,Schuster LLC,1-(423)522-8033,ddanahar4y@linkedin.com,57455 Killdeer Parkway,Chattanooga,TN,37410
180,Hyatt  Okuneva and Swift,1-(561)977-7728,cstoffer4z@macromedia.com,9409 Del Mar Crossing,Lake Worth,FL,33467
181,Nicolas  Heathcote and McClure,1-(804)323-8856,broiz50@spiegel.de,9 Leroy Parkway,Richmond,VA,23277
182,Ebert Inc,1-(814)937-6252,adodsley51@comsenz.com,63938 Eastwood Road,Erie,PA,16550
183,Gislason-Waters,1-(772)351-9625,mflatte52@blogtalkradio.com,99001 Hagan Junction,Vero Beach,FL,32964
184,Parisian  Balistreri and Hane,1-(864)246-0065,sgennrich53@time.com,72 Loftsgordon Park,Greenville,SC,29615
185,Marks  Cormier and Schiller,1-(813)144-5529,arevill54@ucoz.com,9 Petterle Alley,Tampa,FL,33605
186,Bauch-Reynolds,1-(504)893-9658,bpagan55@youtube.com,43 Cardinal Pass,New Orleans,LA,70165
187,Bahringer and Sons,1-(407)995-9548,bcarlow56@ft.com,7087 Butternut Trail,Orlando,FL,32830
188,Botsford Group,1-(615)991-2603,ckennet57@discuz.net,793 Stoughton Alley,Nashville,TN,37250
189,Hand-Runolfsson,1-(402)794-3259,jmceniry58@bbb.org,417 Prairieview Circle,Omaha,NE,68124
190,Murazik-Jakubowski,1-(318)193-8420,rfrancescuccio59@umn.edu,64271 Mcguire Pass,Shreveport,LA,71137
191,Ruecker-Spinka,1-(937)564-2316,gmilmo5a@pcworld.com,79636 Mallard Point,Springfield,OH,45505
192,Anderson and Sons,1-(318)160-2827,jayce5b@mayoclinic.com,9989 Scott Avenue,Shreveport,LA,71115
193,Bernhard Inc,1-(202)357-2507,kspurrett5c@paginegialle.it,16000 Buena Vista Center,Washington,DC,20268
194,Gusikowski and Sons,1-(530)761-2256,ayeomans5d@newsvine.com,15855 Portage Avenue,Chico,CA,95973
195,Gislason  Harris and Konopelski,1-(813)936-3094,calves5e@free.fr,35019 Columbus Pass,Tampa,FL,33680
196,Murphy-West,1-(214)591-4664,sthow5f@yolasite.com,72478 Hazelcrest Alley,Dallas,TX,75236
197,Langosh LLC,1-(440)526-6122,dtatnell5g@google.de,74 Vidon Trail,Cleveland,OH,44130
198,Kuphal LLC,1-(910)298-2967,pmctiernan5h@cbslocal.com,7 Summer Ridge Junction,Fayetteville,NC,28314
199,Wisozk Inc,1-(216)466-3318,rgajownik5i@msn.com,76022 Dovetail Place,Cleveland,OH,44111
200,Boyer  Lehner and Goldner,1-(312)917-3158,lsteckings5j@imageshack.us,6 Mesta Parkway,Chicago,IL,60697
201,Emard Inc,1-(616)422-4189,xdole5k@lycos.com,6563 International Street,Grand Rapids,MI,49560
202,Lehner Inc,1-(254)335-5405,bmacmaykin5l@ted.com,178 Northfield Road,Gatesville,TX,76598
203,Watsica-Thiel,1-(619)188-3504,btabbitt5m@google.com,0 Tony Center,San Diego,CA,92186
204,Murazik  Strosin and Heidenreich,1-(816)705-4361,acristobal5n@reference.com,5 Maryland Court,Kansas City,MO,64142
205,Weissnat-Abbott,1-(304)383-9104,jarnout5o@amazon.de,22 Briar Crest Court,Charleston,WV,25389
206,Pfannerstill Group,1-(785)624-3931,sclail5p@independent.co.uk,0115 Continental Avenue,Topeka,KS,66699
207,Jacobs  Will and Lindgren,1-(646)200-0607,eedgerly5q@cbslocal.com,93392 Delladonna Avenue,New York City,NY,10270
208,Deckow and Sons,1-(949)369-2275,kpodmore5r@home.pl,04031 Bultman Avenue,Newport Beach,CA,92662
209,Tillman-Bogisich,1-(860)606-3576,cconkie5s@independent.co.uk,14100 Schiller Plaza,Hartford,CT,6183
210,Herzog-Howell,1-(775)211-1443,cstickells5t@blinklist.com,73 Nelson Junction,Reno,NV,89510
211,Von Group,1-(763)531-1000,mivison5u@ocn.ne.jp,1114 Autumn Leaf Drive,Minneapolis,MN,55428
212,Bauch LLC,1-(251)995-7086,eslowcock5v@tumblr.com,08909 Comanche Court,Mobile,AL,36641
213,Rolfson-Schuppe,1-(904)325-4787,sharrow5w@icq.com,6 Milwaukee Street,Jacksonville,FL,32209
214,Zboncak Inc,1-(414)182-4834,sabbay5x@alibaba.com,84 Toban Plaza,Milwaukee,WI,53277
215,Kunze  Gerlach and Vandervort,1-(863)189-1425,cdecoursey5y@elpais.com,3193 Killdeer Center,Lakeland,FL,33805
216,Tromp  Koch and Schaden,1-(323)135-0122,ptibb5z@shinystat.com,1 Independence Lane,Los Angeles,CA,90076
217,Dickens-Bednar,1-(202)343-1967,daldersey60@dailymail.co.uk,8573 Northwestern Drive,Washington,DC,20380
218,Krajcik LLC,1-(347)670-1254,rmilne61@imgur.com,23695 Kennedy Road,Flushing,NY,11388
219,Huels Inc,1-(714)964-0625,tollie62@constantcontact.com,2926 Redwing Court,Orange,CA,92867
220,VonRueden  Rosenbaum and Sanford,1-(559)620-4648,sroux63@instagram.com,0 Mcguire Trail,Fresno,CA,93786
221,Farrell Group,1-(410)801-1785,mmacauley64@blog.com,6 Rockefeller Terrace,Baltimore,MD,21265
222,Von-Carter,1-(702)190-1952,vguiso65@newsvine.com,23999 Michigan Parkway,Las Vegas,NV,89140
223,Cummerata and Sons,1-(330)736-6296,mcumberledge66@sciencedirect.com,31 Everett Circle,Akron,OH,44310
224,Grant  Heller and Schaden,1-(515)940-7367,jmadre67@google.pl,9293 Schlimgen Park,Des Moines,IA,50393
225,Schiller-Maggio,1-(216)501-7912,asturror68@comsenz.com,14 Kedzie Center,Cleveland,OH,44111
226,Gleichner and Sons,1-(225)523-2383,lrampling69@guardian.co.uk,30 Dryden Court,Baton Rouge,LA,70894
227,Armstrong-Schmeler,1-(916)405-6583,mzylberdik6a@umich.edu,45372 Oak Valley Avenue,Sacramento,CA,94207
228,Kulas  Howell and Schowalter,1-(202)147-7870,pneagle6b@mozilla.org,98 Grim Crossing,Washington,DC,20442
229,Wilderman Group,1-(317)215-8234,hgibson6c@imgur.com,3696 Butterfield Lane,Indianapolis,IN,46254
230,Hintz-Funk,1-(415)855-9896,gdeppen6d@dot.gov,96 Upham Hill,San Francisco,CA,94177
231,Hahn and Sons,1-(240)439-4846,jgoodinson6e@engadget.com,44 Morningstar Hill,Gaithersburg,MD,20883
232,Miller-Wuckert,1-(217)711-6433,gpeascod6f@tinyurl.com,47 Dovetail Street,Springfield,IL,62794
233,Homenick-Hudson,1-(323)143-4584,eaberdalgy6g@reference.com,5 Lindbergh Avenue,Los Angeles,CA,90025
234,Parisian  Green and Dicki,1-(816)125-6234,cdanielsen6h@netscape.com,939 Annamark Road,Kansas City,MO,64101
235,Buckridge  Borer and Gerhold,1-(915)294-9003,brossiter6i@privacy.gov.au,33 Kennedy Junction,El Paso,TX,88558
236,McLaughlin LLC,1-(612)636-2722,ftrillo6j@adobe.com,735 Shopko Way,Saint Paul,MN,55114
237,Schiller-Mante,1-(617)692-9411,igarfield6k@va.gov,808 Basil Street,Boston,MA,2216
238,Reichert  Koelpin and Zulauf,1-(360)238-6433,mpealing6l@spiegel.de,4 Bay Hill,Olympia,WA,98516
239,Bergnaum  O'Hara and Nitzsche,1-(303)449-8160,alevicount6m@usnews.com,1 Lerdahl Park,Denver,CO,80243
240,Nikolaus Group,1-(303)655-0157,achelley6n@weebly.com,86726 Jenna Parkway,Littleton,CO,80126
241,Bauch-Kertzmann,1-(330)594-1992,ejuggins6o@networksolutions.com,3646 Iowa Terrace,Youngstown,OH,44505
242,Cummerata  Franecki and Rolfson,1-(661)312-3547,hnelson6p@slideshare.net,32363 Hagan Park,Lancaster,CA,93584
243,Jones-Hand,1-(920)367-1753,mbrittoner6q@usgs.gov,64786 Macpherson Park,Green Bay,WI,54305
244,Labadie  Glover and Bailey,1-(386)315-4253,ayork6r@w3.org,77804 Muir Lane,Daytona Beach,FL,32128
245,Walter  Hackett and Russel,1-(314)312-8851,wgritsunov6s@icq.com,658 Southridge Hill,Saint Louis,MO,63169
246,Mayer  Keeling and Conroy,1-(513)890-3248,hcromer6t@princeton.edu,601 Randy Center,Cincinnati,OH,45243
247,Huel  Jast and Hagenes,1-(650)728-0165,gpirdy6u@apache.org,18442 Hoepker Place,Redwood City,CA,94064
248,Daugherty LLC,1-(903)232-8001,cschankelborg6v@usda.gov,73 Bluestem Place,Longview,TX,75605
249,Crooks Inc,1-(954)813-1637,pdobrowolski6w@ox.ac.uk,1915 Schurz Parkway,Pompano Beach,FL,33064
250,Barton  Pagac and Morar,1-(770)816-0340,gmaccafferty6x@hc360.com,0298 2nd Circle,Atlanta,GA,30306
251,Mills LLC,1-(801)403-4490,oleeds6y@miibeian.gov.cn,40 Northridge Alley,Salt Lake City,UT,84145
252,Wilderman-Oberbrunner,1-(412)926-3066,kceely6z@msn.com,161 Norway Maple Park,Pittsburgh,PA,15220
253,Feil-Wiegand,1-(720)663-4815,reldon70@cbc.ca,68438 3rd Lane,Denver,CO,80299
254,Price  Jacobi and Muller,1-(650)883-0431,rhedman71@e-recht24.de,63 Carioca Road,San Jose,CA,95113
255,Simonis  Altenwerth and Cormier,1-(605)820-7077,gsawday72@cbslocal.com,142 Crownhardt Street,Sioux Falls,SD,57198
256,Frami  Maggio and Harvey,1-(718)459-5336,jbendig73@biblegateway.com,29261 Waxwing Lane,New York City,NY,10009
257,Hermiston  Beier and Bechtelar,1-(760)112-1621,rspalton74@sun.com,2 Holmberg Court,Orange,CA,92668
258,Bahringer Inc,1-(828)807-2181,dtenney75@biglobe.ne.jp,77 David Parkway,Asheville,NC,28815
259,Wilkinson-Witting,1-(336)205-4566,ebownes76@cafepress.com,67067 Hollow Ridge Court,Winston Salem,NC,27116
260,Cremin and Sons,1-(305)265-6969,zwoolfitt77@nytimes.com,590 Fair Oaks Terrace,Miami,FL,33175
261,Krajcik-Morar,1-(860)947-0009,ghann78@dagondesign.com,79694 Carpenter Alley,Hartford,CT,6140
262,Treutel  Wilderman and Jast,1-(716)342-4278,cdeguara79@networkadvertising.org,3739 Goodland Road,Buffalo,NY,14263
263,Bogisich LLC,1-(330)888-3875,cmaso7a@360.cn,15577 Eastwood Parkway,Canton,OH,44710
264,Anderson-Rutherford,1-(414)544-1999,pchristensen7b@narod.ru,3 Aberg Pass,Milwaukee,WI,53215
265,Ward Group,1-(281)733-1850,jrailton7c@patch.com,84 Northland Crossing,Houston,TX,77085
266,Larkin Inc,1-(202)939-4028,mbollum7d@quantcast.com,14025 Montana Alley,Washington,DC,20260
267,Weimann-Koch,1-(612)980-9920,bnassey7e@nifty.com,6 Montana Street,Saint Paul,MN,55127
268,Luettgen  Mayer and Rempel,1-(210)904-6761,upavluk7f@usgs.gov,34 Schmedeman Plaza,San Antonio,TX,78230
269,Bins-Schiller,1-(734)799-4007,jgoodlife7g@hexun.com,371 Lakewood Way,Detroit,MI,48242
270,Hilll-Pfannerstill,1-(614)155-1059,cdunnet7h@t-online.de,6719 Heffernan Junction,Columbus,OH,43231
271,Wyman Group,1-(405)519-8676,dlightwing7i@techcrunch.com,51049 Menomonie Street,Oklahoma City,OK,73142
272,Kuhlman Group,1-(770)835-1382,roreilly7j@cargocollective.com,50479 Clove Park,Marietta,GA,30061
273,Herzog Inc,1-(316)450-5914,dfance7k@soup.io,09 Prairie Rose Pass,Wichita,KS,67210
274,Kilback-Kreiger,1-(215)356-0609,pstimpson7l@artisteer.com,42714 Elka Crossing,Philadelphia,PA,19191
275,Gulgowski  Kerluke and Huel,1-(313)294-4656,dcollcott7m@economist.com,78 Memorial Parkway,Detroit,MI,48258
276,McGlynn  Moore and Kemmer,1-(602)465-3485,gsmeeth7n@wikispaces.com,09 Havey Court,Glendale,AZ,85311
277,Erdman  Dach and Hilll,1-(260)544-9051,abrownlie7o@edublogs.org,84369 Eggendart Lane,Fort Wayne,IN,46857
278,Block-Schuppe,1-(212)411-9814,sschops7p@is.gd,32 Westend Crossing,New York City,NY,10260
279,Rohan  Langworth and Mayer,1-(513)292-2127,pgiotto7q@squidoo.com,5440 Kinsman Pass,Cincinnati,OH,45249
280,Feil and Sons,1-(518)619-9837,echanders7r@rambler.ru,623 Tennyson Lane,Albany,NY,12205
281,Collier Inc,1-(508)485-8482,ebischop7s@cpanel.net,3476 Stoughton Drive,Boston,MA,2119
282,Collier  Kuvalis and Effertz,1-(203)565-5849,gbraithwaite7t@ed.gov,731 Claremont Circle,New Haven,CT,6538
283,Hauck  Rutherford and Rau,1-(202)618-1218,bbearn7u@icq.com,6713 Maryland Circle,Washington,DC,20520
284,O'Conner Inc,1-(212)267-8147,mwase7v@walmart.com,4174 Melody Drive,New York City,NY,10292
285,Sawayn  Stamm and Windler,1-(434)389-5836,fquantick7w@toplist.cz,3602 Dennis Crossing,Manassas,VA,22111
286,Kutch and Sons,1-(936)929-2256,jellicombe7x@ask.com,288 Steensland Terrace,Houston,TX,77090
287,Jakubowski Inc,1-(646)240-8886,abickerstaffe7y@sciencedaily.com,5 Crescent Oaks Plaza,New York City,NY,10099
288,Parisian  Herman and Rogahn,1-(515)621-2730,nhrachovec7z@about.me,63 Division Hill,Des Moines,IA,50305
289,Mann  Howe and Tremblay,1-(303)120-1704,djelkes80@nih.gov,4208 Sauthoff Alley,Denver,CO,80241
290,Dietrich  Wolf and Barrows,1-(916)287-0135,giltchev81@nsw.gov.au,75 Corben Trail,Sacramento,CA,94297
291,Terry and Sons,1-(407)169-9303,jarnoult82@gnu.org,34301 Bashford Road,Orlando,FL,32891
292,Schultz  Glover and Stamm,1-(702)136-8135,lenefer83@about.me,858 Coolidge Park,Las Vegas,NV,89193
293,Kshlerin-Walter,1-(202)833-3754,ccurner84@nih.gov,260 Park Meadow Junction,Washington,DC,20319
294,Fritsch  Schmidt and Raynor,1-(916)455-7412,psquelch85@ft.com,5457 Londonderry Parkway,Sacramento,CA,94280
295,Dooley Inc,1-(318)126-0917,cjenny86@nytimes.com,0 Hovde Junction,Boston,MA,2104
296,Schinner-Schinner,1-(212)907-4425,tokenden87@sciencedirect.com,54597 Burning Wood Avenue,Brooklyn,NY,11254
297,Lesch-Dickinson,1-(318)894-0333,emcsperron88@rakuten.co.jp,2033 Veith Way,Shreveport,LA,71166
298,Kreiger-Barton,1-(757)139-2775,kluckings89@360.cn,9 Mifflin Terrace,Virginia Beach,VA,23459
299,Rath  Larson and Johns,1-(602)667-9791,kfritter8a@forbes.com,887 Wayridge Way,Phoenix,AZ,85072
300,McGlynn Group,1-(734)879-5811,cdeblasiis8b@vkontakte.ru,464 Dunning Junction,Dearborn,MI,48126
301,Stroman-Weissnat,1-(763)426-1836,chopkins8c@instagram.com,9601 Eastwood Alley,Monticello,MN,55590
302,Oberbrunner Group,1-(512)382-8439,whosburn8d@bloglovin.com,7463 Moulton Place,Austin,TX,78703
303,Raynor  Cronin and Zboncak,1-(212)918-6718,wgrindell8e@tiny.cc,850 Ridgeway Trail,New York City,NY,10014
304,Lang-Rutherford,1-(816)271-7781,adawley8f@xrea.com,32670 Prentice Way,Kansas City,MO,64136
305,Volkman Inc,1-(518)247-6191,fbatrick8g@tripod.com,9693 Grim Place,Albany,NY,12227
306,Stokes-Goodwin,1-(763)620-2435,fgiraudeau8h@i2i.jp,06 Montana Center,Monticello,MN,55585
307,Yost  Thompson and Gutmann,1-(239)290-1965,wugoletti8i@artisteer.com,829 Oak Center,Lehigh Acres,FL,33972
308,Renner Inc,1-(352)811-4772,mavrahamov8j@google.co.jp,4762 Aberg Parkway,Gainesville,FL,32610
309,Stehr LLC,1-(915)999-0632,jstockford8k@utexas.edu,85502 Elmside Alley,El Paso,TX,88530
310,Graham LLC,1-(520)333-1006,dgodsell8l@google.co.uk,779 Spohn Drive,Tucson,AZ,85754
311,Powlowski LLC,1-(917)756-7635,bdable8m@google.es,1489 Sunnyside Plaza,Brooklyn,NY,11215
312,Koch  Heidenreich and Herman,1-(937)919-0319,kvanderson8n@rambler.ru,975 Aberg Terrace,Dayton,OH,45432
313,Crona and Sons,1-(314)546-6238,alingwood8o@dropbox.com,8 Hollow Ridge Court,Saint Louis,MO,63136
314,Dooley  Schroeder and Little,1-(904)894-0321,mrearden8p@oakley.com,081 Glacier Hill Park,Jacksonville,FL,32244
315,Kuvalis  Hand and Moen,1-(508)851-4848,meloi8q@soundcloud.com,8561 Reindahl Terrace,Worcester,MA,1610
316,Kiehn  Steuber and Gaylord,1-(571)161-4460,krivalland8r@upenn.edu,11 Stephen Circle,Ashburn,VA,22093
317,Lockman  Franecki and Schamberger,1-(859)622-0491,hkestle8s@goo.gl,51 Algoma Trail,Lexington,KY,40515
318,McClure-Stroman,1-(402)478-8734,mheinig8t@disqus.com,9044 Meadow Ridge Hill,Lincoln,NE,68510
319,Nader  Robel and Barton,1-(208)731-4178,eeasun8u@japanpost.jp,4 Fairview Hill,Boise,ID,83727
320,Runte  Williamson and Marks,1-(202)641-8088,dsharland8v@behance.net,7436 Packers Court,Washington,DC,20425
321,McCullough  Bergnaum and Berge,1-(717)537-2251,lmathews8w@mlb.com,36 John Wall Terrace,Harrisburg,PA,17140
322,Muller Group,1-(321)120-9167,mgresham8x@devhub.com,73 Acker Center,Orlando,FL,32808
323,Hoppe  Steuber and Zboncak,1-(727)361-2340,sskirvin8y@zimbio.com,929 Johnson Park,Saint Petersburg,FL,33715
324,Monahan  McDermott and McGlynn,1-(202)706-5056,scarnaman8z@harvard.edu,472 Dovetail Trail,Washington,DC,20540
325,Hudson  Ferry and Wiegand,1-(718)223-9643,cgrinnov90@cocolog-nifty.com,3 Union Plaza,Bronx,NY,10464
326,Botsford-Kris,1-(318)163-5137,lwhysall91@facebook.com,1651 Cardinal Plaza,Shreveport,LA,71130
327,Toy  Mertz and Monahan,1-(757)879-7007,bstrathe92@php.net,3431 Sachs Pass,Norfolk,VA,23551
328,Okuneva-Stiedemann,1-(260)593-0837,drenachowski93@chicagotribune.com,20 Darwin Center,Fort Wayne,IN,46814
329,Gulgowski-Durgan,1-(682)450-1503,djuden94@ucoz.com,29948 Carey Terrace,Fort Worth,TX,76110
330,Feil and Sons,1-(312)616-2833,mbever95@npr.org,378 Truax Crossing,Chicago,IL,60686
331,Blanda  Von and Douglas,1-(518)241-4751,ipond96@buzzfeed.com,81 Armistice Circle,Albany,NY,12232
332,Mills-Donnelly,1-(210)382-4522,abeat97@sciencedirect.com,97647 Bonner Crossing,San Antonio,TX,78230
333,Robel-Anderson,1-(502)310-0360,ssoutheran98@constantcontact.com,3 Schlimgen Place,Frankfort,KY,40618
334,Weissnat LLC,1-(813)469-3556,smarsters99@howstuffworks.com,841 Westridge Point,Tampa,FL,33605
335,Heidenreich-Leffler,1-(626)957-0056,rlagne9a@rambler.ru,7609 Lindbergh Court,Pasadena,CA,91103
336,Casper Group,1-(847)511-2598,cjerwood9b@huffingtonpost.com,0 Village Pass,Evanston,IL,60208
337,Bartell-Hammes,1-(314)362-4838,abilton9c@hostgator.com,757 Waxwing Plaza,Saint Louis,MO,63104
338,Funk Inc,1-(850)125-4108,alowbridge9d@redcross.org,24114 Sachtjen Circle,Pensacola,FL,32520
339,Schimmel Group,1-(309)979-0233,pstiell9e@fema.gov,236 Forster Alley,Peoria,IL,61656
340,Fahey-Macejkovic,1-(818)253-8813,ltatem9f@miitbeian.gov.cn,5 Elgar Junction,Northridge,CA,91328
341,Collier-O'Connell,1-(214)658-1017,nstansfield9g@economist.com,9 Shopko Center,Dallas,TX,75310
342,Smith-Torphy,1-(608)938-7694,mbugg9h@tripadvisor.com,2 Pleasure Trail,Madison,WI,53779
343,Ebert  Welch and Turcotte,1-(816)957-2186,tmeale9i@dailymail.co.uk,9310 Ronald Regan Point,Kansas City,MO,64187
344,Veum-Senger,1-(313)571-9610,speirazzi9j@msn.com,8078 Helena Park,Detroit,MI,48267
345,Dickens Inc,1-(225)648-7120,mlannon9k@flavors.me,829 Judy Court,Baton Rouge,LA,70810
346,Hegmann-Reichert,1-(952)965-2317,aknocker9l@ucsd.edu,1 Pine View Avenue,Minneapolis,MN,55407
347,Kautzer  Schneider and Abernathy,1-(801)945-8027,kgreedier9m@tuttocitta.it,9 Pankratz Drive,Salt Lake City,UT,84140
348,Kub LLC,1-(915)462-5731,esharer9n@un.org,433 Shoshone Drive,El Paso,TX,88519
349,Dickens  Bins and Schaefer,1-(562)872-5646,ccrossdale9o@geocities.jp,8208 Florence Center,Whittier,CA,90610
350,Sanford-Weimann,1-(202)391-2168,ccollis9p@salon.com,95529 Park Meadow Trail,Washington,DC,20599
351,McKenzie Inc,1-(859)498-9553,oburnip9q@google.es,9341 Judy Road,Lexington,KY,40510
352,Breitenberg-Luettgen,1-(518)923-9923,bsexten9r@facebook.com,0 Melody Way,Schenectady,NY,12325
353,Ankunding-Gottlieb,1-(513)681-3470,mbustin9s@odnoklassniki.ru,868 Loomis Pass,Cincinnati,OH,45271
354,Bahringer  Bernier and Haley,1-(770)982-9046,kstooke9t@toplist.cz,68 Old Shore Trail,Atlanta,GA,30328
355,VonRueden-Fay,1-(585)992-9601,jstaniforth9u@dion.ne.jp,3619 Nelson Street,Rochester,NY,14614
356,Hammes  Grimes and Ritchie,1-(214)821-8982,hdocharty9v@washington.edu,7 Ronald Regan Parkway,Dallas,TX,75397
357,Robel-Raynor,1-(734)993-2585,imower9w@blogs.com,81 Fisk Pass,Ann Arbor,MI,48107
358,Dicki  Wolff and Toy,1-(310)576-5287,mlezemere9x@xing.com,201 Eagle Crest Pass,Torrance,CA,90505
359,Ruecker LLC,1-(831)516-8231,aguitonneau9y@ihg.com,9778 Browning Way,Santa Cruz,CA,95064
360,McKenzie  Pfannerstill and Lockman,1-(717)874-0511,wgiorgi9z@alexa.com,12581 Johnson Alley,Harrisburg,PA,17110
361,Gaylord LLC,1-(571)223-4612,njanuarysta0@deliciousdays.com,03 Nelson Junction,Arlington,VA,22244
362,Dickinson  Schowalter and West,1-(410)795-5959,rsturtona1@wisc.edu,90 Ramsey Junction,Baltimore,MD,21211
363,Davis-Conn,1-(260)795-7011,sheffernona2@qq.com,70045 Moland Alley,Fort Wayne,IN,46852
364,Lebsack Inc,1-(917)580-2699,wregglera3@wikia.com,834 Mesta Place,Bronx,NY,10464
365,Cronin  Haley and Kulas,1-(718)844-4900,nrodgea4@stanford.edu,02128 Stoughton Crossing,Brooklyn,NY,11236
366,Adams Inc,1-(254)308-7372,bcalvarda5@google.de,23 Maple Wood Street,Waco,TX,76705
367,Mayert Group,1-(713)803-8103,pgreystokea6@webnode.com,430 Prentice Park,Houston,TX,77015
368,Wisoky Group,1-(573)741-6271,fbraitlinga7@devhub.com,6010 Pierstorff Court,Columbia,MO,65211
369,Ebert  Hane and Hackett,1-(859)959-5729,dkhidra8@cargocollective.com,958 Oakridge Hill,Lexington,KY,40591
370,Lowe Inc,1-(609)541-3560,mfeldona9@blogger.com,76474 East Junction,Trenton,NJ,8603
371,Keeling  Thompson and Schoen,1-(772)667-0439,btraytonaa@live.com,427 Mosinee Junction,Port Saint Lucie,FL,34985
372,Luettgen  Mitchell and Flatley,1-(225)956-6590,efarransab@tinyurl.com,845 Maple Hill,Baton Rouge,LA,70883
373,Turner-Grant,1-(309)326-1743,gwillcotac@baidu.com,79 Summer Ridge Court,Carol Stream,IL,60158
374,Heathcote  Kemmer and McGlynn,1-(337)497-6844,rmckelviead@irs.gov,6 Monica Drive,Lafayette,LA,70593
375,Schimmel LLC,1-(806)366-4264,gyarkerae@rakuten.co.jp,57132 Twin Pines Terrace,Amarillo,TX,79105
376,Konopelski-Blanda,1-(804)199-0020,abowshireaf@cdc.gov,774 Maywood Lane,Richmond,VA,23293
377,Jenkins  Daugherty and Pfeffer,1-(763)274-0656,dhowattag@intel.com,867 Cody Junction,Minneapolis,MN,55441
378,Rowe-Kozey,1-(202)125-7337,iarthyah@scientificamerican.com,43082 Autumn Leaf Plaza,Washington,DC,20016
379,Green-Yundt,1-(954)904-3830,rjoistai@mapy.cz,1 Boyd Court,Orlando,FL,32825
380,Kulas  Hilpert and Romaguera,1-(907)453-4427,bswetenhamaj@thetimes.co.uk,807 Hudson Street,Juneau,AK,99812
381,Waelchi-Stracke,1-(626)421-5299,csearstonak@patch.com,45 Dwight Center,Burbank,CA,91505
382,Donnelly  Lesch and Anderson,1-(440)376-7517,rschirachal@state.gov,80703 Clemons Road,Cleveland,OH,44125
383,Goldner  Nicolas and Cassin,1-(573)422-8938,bduchesneam@un.org,89591 Goodland Crossing,Columbia,MO,65218
384,Willms  McClure and Beier,1-(304)831-5500,bposselowan@hatena.ne.jp,417 Kenwood Place,Charleston,WV,25336
385,Stroman LLC,1-(212)987-6948,cwhitchurchao@xing.com,8354 Rowland Point,New York City,NY,10079
386,Lemke LLC,1-(210)777-8063,bmaiorap@topsy.com,18 Magdeline Lane,San Antonio,TX,78278
387,Volkman  Gerhold and Zemlak,1-(209)733-2137,wkobpaaq@ftc.gov,7716 Declaration Way,Stockton,CA,95205
388,Hintz  Kirlin and Ward,1-(615)423-9634,teddollsar@dmoz.org,54 Forest Dale Crossing,Murfreesboro,TN,37131
389,Gleichner  Schumm and Wolff,1-(513)418-0523,nbiaggias@washington.edu,85 Saint Paul Court,Cincinnati,OH,45213
390,Fadel Inc,1-(917)410-8265,ebenechat@homestead.com,8613 Comanche Terrace,Jamaica,NY,11436
391,Leuschke and Sons,1-(312)113-6586,nabbatucciau@barnesandnoble.com,7086 Scoville Place,Chicago,IL,60669
392,Bernier-Boyle,1-(801)824-4645,bmingayav@blog.com,488 Westridge Point,Salt Lake City,UT,84135
393,Ebert  Funk and Kuhic,1-(909)371-7374,dcaswallaw@ebay.com,00931 Bowman Alley,Riverside,CA,92505
394,Schmitt  Barton and Rowe,1-(805)299-7448,swailesax@sciencedaily.com,42454 Everett Terrace,Bakersfield,CA,93305
395,Emmerich Group,1-(708)921-9181,hboarleysonay@scribd.com,99 Heffernan Park,Chicago,IL,60604
396,Abernathy-Becker,1-(336)642-3400,rputtnamaz@spotify.com,727 Eastwood Place,Winston Salem,NC,27110
397,Carter and Sons,1-(754)307-6872,ubatramb0@psu.edu,389 Bay Avenue,Pompano Beach,FL,33064
398,Buckridge  Turcotte and Gerhold,1-(910)253-9733,emcduffb1@imdb.com,6 Ridge Oak Pass,Greensboro,NC,27455
399,Nolan  Barton and Schuster,1-(269)133-5061,mcoonihanb2@webnode.com,2 Mallard Terrace,Battle Creek,MI,49018
400,Hickle-Walsh,1-(254)468-8935,gsutworthb3@ning.com,1757 Roxbury Point,Gatesville,TX,76598
401,Orn  Kuhn and Upton,1-(251)252-7973,lcornfootb4@goo.ne.jp,73998 Anzinger Junction,Mobile,AL,36605
402,Mante  Welch and Parker,1-(504)772-2070,cfeigeb5@huffingtonpost.com,96 7th Park,New Orleans,LA,70116
403,Rath Group,1-(919)119-7642,nlelandeb6@fotki.com,5227 Kennedy Junction,Raleigh,NC,27621
404,Toy LLC,1-(206)106-2894,mmoretonb7@addthis.com,22 Darwin Trail,Seattle,WA,98127
405,Bernier Inc,1-(601)419-1944,hhudlessb8@ucla.edu,2739 Hoffman Trail,Jackson,MS,39204
406,Little Group,1-(786)756-0325,alocksleyb9@ow.ly,72 Springview Place,Hialeah,FL,33018
407,Mann  Dickinson and Ryan,1-(561)510-8679,dpenneyba@cpanel.net,84004 Mccormick Place,Delray Beach,FL,33448
408,Emard  Zieme and Heaney,1-(480)528-7013,dartinstallbb@e-recht24.de,2 Calypso Avenue,Phoenix,AZ,85025
409,Wilderman and Sons,1-(845)911-8618,tthorburnbc@google.com.au,2974 Gerald Avenue,White Plains,NY,10606
410,Green LLC,1-(480)174-8134,pchandersbd@paginegialle.it,6521 6th Avenue,Mesa,AZ,85205
411,Schuster  Spinka and Witting,1-(724)197-6036,adracobe@tuttocitta.it,3129 Westend Avenue,New Castle,PA,16107
412,Satterfield  Thompson and Kilback,1-(320)406-9306,ktorbardbf@un.org,1283 Swallow Center,Saint Cloud,MN,56372
413,Huel LLC,1-(513)904-4092,mstrattonbg@cnn.com,76444 Tennyson Lane,Cincinnati,OH,45271
414,Stokes  Kunde and Larkin,1-(505)757-9667,aboundsbh@wikimedia.org,1 Talisman Point,Santa Fe,NM,87592
415,Gulgowski Inc,1-(406)139-4383,clababi@slashdot.org,29 Melody Road,Helena,MT,59623
416,Rippin  Olson and Cartwright,1-(916)417-4330,ljurgensonbj@slate.com,65 Waywood Circle,Sacramento,CA,94286
417,Runolfsson LLC,1-(559)603-9208,cgaynorbk@moonfruit.com,22969 Harbort Hill,Fresno,CA,93762
418,Littel LLC,1-(615)264-2732,sfoxhallbl@howstuffworks.com,4 Tennessee Way,Nashville,TN,37235
419,Schmitt LLC,1-(225)143-0654,mabrahamssonbm@usnews.com,549 Holmberg Place,Baton Rouge,LA,70810
420,Hudson and Sons,1-(760)106-7481,cburdekinbn@etsy.com,309 Grayhawk Drive,Carlsbad,CA,92013
421,Lind  Bradtke and Zulauf,1-(916)437-6663,cmcqueenbo@quantcast.com,3754 Manley Street,Sacramento,CA,95813
422,Brekke and Sons,1-(716)189-8764,rroosebp@creativecommons.org,0795 Mallory Avenue,Buffalo,NY,14233
423,Windler-Rodriguez,1-(202)739-0772,mdillamorebq@indiegogo.com,4 Crest Line Terrace,Washington,DC,20575
424,Lowe Group,1-(304)825-0249,lbelfragebr@shop-pro.jp,7 Mandrake Circle,Huntington,WV,25721
425,Cormier-Kirlin,1-(210)747-4848,ckenewellbs@bandcamp.com,909 Melody Hill,San Antonio,TX,78215
426,Reichert-Roob,1-(513)295-7768,ngatrillbt@alibaba.com,592 Pond Lane,Cincinnati,OH,45243
427,Dare-Bernhard,1-(202)689-4732,dstjohnbu@mysql.com,5 Hovde Hill,Washington,DC,20205
428,Spencer-Stehr,1-(804)570-1195,pmansellbv@marriott.com,47 Paget Plaza,Richmond,VA,23293
429,Wiegand Inc,1-(405)340-6743,kpaybodybw@msn.com,125 Haas Trail,Oklahoma City,OK,73157
430,Ziemann LLC,1-(801)348-7798,wlentonbx@bbb.org,32 Sachs Alley,Salt Lake City,UT,84170
431,Cremin Group,1-(706)206-0113,mallicockby@princeton.edu,529 Crowley Park,Columbus,GA,31998
432,Kuphal-Rau,1-(469)632-8853,ypedersenbz@unc.edu,063 Melvin Avenue,Dallas,TX,75287
433,Rutherford  Walsh and Kreiger,1-(512)707-5169,santonoczykc0@nationalgeographic.com,898 Ilene Hill,Round Rock,TX,78682
434,Funk LLC,1-(256)390-4674,hlegrovec1@loc.gov,38007 Becker Park,Gadsden,AL,35905
435,Romaguera-Stanton,1-(571)820-5737,ageggc2@imgur.com,09007 Thompson Hill,Arlington,VA,22225
436,Ankunding  Shanahan and Feil,1-(763)944-4155,cilchenkoc3@home.pl,5141 Little Fleur Way,Loretto,MN,55598
437,Herzog-Tromp,1-(303)378-0464,aseagravec4@usnews.com,89054 Badeau Junction,Littleton,CO,80127
438,Padberg  Klein and Bode,1-(505)766-6165,esmittounec5@xrea.com,2 Gale Way,Santa Fe,NM,87505
439,Turcotte-King,1-(502)907-9200,msemperc6@craigslist.org,38 South Plaza,Louisville,KY,40266
440,Homenick-Muller,1-(478)782-0228,vbousteadc7@blogs.com,955 Prairieview Hill,Macon,GA,31210
441,Johns LLC,1-(850)378-5312,lmcgaffeyc8@mac.com,5812 Scofield Hill,Tallahassee,FL,32304
442,Stiedemann LLC,1-(559)463-5514,kgreschikc9@ustream.tv,4 Mayfield Way,Fresno,CA,93721
443,Gottlieb  Glover and Lind,1-(937)444-1750,tgheorgheca@stanford.edu,4956 Graedel Center,Dayton,OH,45403
444,Lehner LLC,1-(682)206-5782,jstapleycb@narod.ru,4111 Muir Drive,Fort Worth,TX,76192
445,Nienow  Feeney and Spinka,1-(727)909-9229,bcrichmerecc@hubpages.com,28 Welch Junction,Clearwater,FL,34615
446,Stroman  Gottlieb and Cassin,1-(401)642-0726,pwoolfcd@addtoany.com,97547 Mallory Drive,Providence,RI,2912
447,Wisozk-Schulist,1-(205)512-6946,dcarringtonce@oaic.gov.au,16 Hoepker Terrace,Tuscaloosa,AL,35487
448,Altenwerth Inc,1-(210)752-3770,gtrancf@wordpress.org,83894 Mariners Cove Circle,San Antonio,TX,78265
449,Hodkiewicz  Durgan and Jerde,1-(215)545-2338,tliascg@latimes.com,600 Dunning Parkway,Philadelphia,PA,19191
450,Jast Inc,1-(772)291-7643,uproverch@japanpost.jp,21 Roth Place,Vero Beach,FL,32969
451,Gerhold  Lakin and Larkin,1-(901)225-8795,jfassbenderci@opensource.org,77 Riverside Plaza,Memphis,TN,38114
452,Yost-Collier,1-(843)646-2036,gskermecj@sitemeter.com,3 David Pass,Beaufort,SC,29905
453,Bogan-Cremin,1-(616)288-1601,ebaulkck@abc.net.au,30034 Kensington Crossing,Grand Rapids,MI,49560
454,Ortiz  Glover and Effertz,1-(540)841-8793,alitchmorecl@google.de,8853 Laurel Road,Roanoke,VA,24014
455,Flatley-Kuhn,1-(312)695-6317,geilhertsencm@amazon.co.jp,1424 Kipling Lane,Chicago,IL,60686
456,Jerde LLC,1-(786)151-8158,drobertsencn@flickr.com,4111 Oneill Hill,Miami,FL,33111
457,Hyatt Inc,1-(347)336-0276,gruprechterco@elpais.com,1357 Memorial Road,New York City,NY,10045
458,Herzog-Cummings,1-(605)565-7514,rtillmancp@google.es,2756 Northridge Place,Sioux Falls,SD,57193
459,Mayert Group,1-(314)119-5062,zmangamcq@ucla.edu,0 Shoshone Street,Saint Louis,MO,63116
460,Lesch and Sons,1-(305)909-1199,csaywoodcr@shinystat.com,9 Sutherland Park,Miami,FL,33158
461,Gusikowski Inc,1-(706)595-4185,mfebencs@geocities.jp,383 Kim Trail,Columbus,GA,31914
462,Glover  Moore and Johnston,1-(918)375-7103,mwizct@wix.com,369 Wayridge Terrace,Tulsa,OK,74133
463,Corwin-Kovacek,1-(318)766-1963,sblackwaycu@webs.com,43 Troy Pass,Shreveport,LA,71137
464,Johnson  Moore and Champlin,1-(810)630-5085,twhilecv@uol.com.br,0 Dawn Road,Flint,MI,48550
465,Hoeger  McKenzie and Dietrich,1-(314)892-9784,lebbettscw@g.co,485 Spaight Crossing,Saint Louis,MO,63126
466,Hoppe  Kerluke and Schuster,1-(312)232-0143,jmcgloughlincx@google.fr,769 Manufacturers Point,Chicago,IL,60686
467,Wolf Inc,1-(903)815-4051,fnylescy@redcross.org,5 Annamark Court,Tyler,TX,75710
468,Kassulke  Gutkowski and Ruecker,1-(410)417-3426,gchomiczcz@wordpress.org,11 Havey Drive,Baltimore,MD,21290
469,Wilkinson  Murazik and Heller,1-(337)362-5415,scavanaughd0@exblog.jp,4237 Waubesa Way,Lake Charles,LA,70616
470,Herman  Schinner and Macejkovic,1-(616)850-8495,hfieldhoused1@istockphoto.com,7431 Maple Wood Park,Grand Rapids,MI,49510
471,MacGyver  Terry and Boyer,1-(904)552-3621,shendricksond2@marriott.com,28 Waywood Hill,Jacksonville,FL,32209
472,Williamson  Bernier and Crona,1-(505)171-2376,mmountjoyd3@disqus.com,34969 Schurz Drive,Albuquerque,NM,87195
473,Kuphal-DuBuque,1-(816)914-7841,rwyched4@lulu.com,55 Cody Road,Kansas City,MO,64114
474,Nolan-Hirthe,1-(405)450-5223,mbrevittd5@typepad.com,7 Duke Alley,Oklahoma City,OK,73109
475,Auer Group,1-(718)204-2264,jhopewelld6@icio.us,44 Raven Street,Staten Island,NY,10310
476,Morar-Kohler,1-(325)602-3974,ntraskd7@rakuten.co.jp,6131 New Castle Center,San Angelo,TX,76905
477,Eichmann-Rohan,1-(260)339-4109,mosgarbyd8@imageshack.us,24819 East Park,Fort Wayne,IN,46896
478,Renner-Rolfson,1-(727)101-5313,jvanderwaltd9@who.int,2187 Kipling Alley,Bradenton,FL,34210
479,Reilly-Reichel,1-(605)836-3096,rstollmanda@fema.gov,5773 Bultman Crossing,Sioux Falls,SD,57198
480,Kihn LLC,1-(951)797-2604,dcanwelldb@noaa.gov,817 Stang Center,Moreno Valley,CA,92555
481,Waelchi Inc,1-(513)834-5621,jwarbydc@abc.net.au,30 Troy Trail,Cincinnati,OH,45208
482,Mayer  Hackett and Larson,1-(619)568-2282,ehowledd@bloglines.com,7 Loeprich Avenue,San Diego,CA,92153
483,Orn and Sons,1-(916)377-6098,hbiasiode@oaic.gov.au,267 Goodland Avenue,Sacramento,CA,94273
484,Harris Group,1-(330)727-4158,llaffindf@mtv.com,305 Larry Park,Warren,OH,44485
485,Russel Group,1-(915)464-9673,wwetherheaddg@irs.gov,2720 Little Fleur Road,El Paso,TX,88541
486,Fadel Group,1-(757)129-5942,psuddelldh@kickstarter.com,8081 Elka Way,Virginia Beach,VA,23459
487,Wintheiser  Padberg and Larkin,1-(612)418-4934,zchstneydi@wired.com,05 Columbus Road,Saint Paul,MN,55127
488,Kessler and Sons,1-(918)788-9937,nembureydj@sitemeter.com,295 Rieder Way,Tulsa,OK,74149
489,Ferry Inc,1-(209)513-0045,grichardeaudk@aol.com,5 Marcy Center,Stockton,CA,95219
490,Lakin  Pollich and Bailey,1-(714)491-3832,ycharnockdl@icq.com,09 Ridge Oak Center,Garden Grove,CA,92645
491,Reynolds  Gutmann and Kuhn,1-(682)381-9249,aclemersondm@arstechnica.com,315 Monica Place,Fort Worth,TX,76192
492,Schmidt  Reichert and Hegmann,1-(215)528-8263,aburburydn@comcast.net,7 Corben Alley,Philadelphia,PA,19184
493,Emard-McDermott,1-(413)115-2556,gtowsedo@fema.gov,558 Crescent Oaks Pass,Springfield,MA,1152
494,Bailey-Mertz,1-(925)770-0886,pharnettdp@nyu.edu,4063 John Wall Alley,Concord,CA,94522
495,Mayert-Flatley,1-(605)876-9624,talwooddq@blogs.com,141 Almo Trail,Sioux Falls,SD,57188
496,Fritsch  Morar and Pollich,1-(313)947-3475,rhargatedr@bigcartel.com,4 Arkansas Point,Detroit,MI,48275
497,Parker Inc,1-(312)461-0836,frenardds@deliciousdays.com,3136 Iowa Center,Chicago,IL,60669
498,Will  Padberg and Durgan,1-(516)685-2349,cportedt@shinystat.com,88366 Bluejay Park,Port Washington,NY,11054
499,Murazik Group,1-(661)749-8021,ogossingtondu@sfgate.com,58345 Petterle Road,Lancaster,CA,93584
500,Feil  Farrell and Gibson,1-(202)557-5499,vfianderdv@blogtalkradio.com,7 Forest Point,Alexandria,VA,22301
501,Upton-Corwin,1-(202)367-9905,mespinheiradw@yahoo.com,11833 Sugar Avenue,Washington,DC,20215
502,Rutherford Group,1-(414)485-5680,hsimoniandx@fema.gov,33 Mifflin Park,Milwaukee,WI,53285
503,Hickle  Fadel and Feeney,1-(209)318-2675,abaziredy@vk.com,0 Merrick Pass,Modesto,CA,95397
504,Dickens  Bernier and O'Reilly,1-(320)616-0555,eskeatdz@ftc.gov,21 Meadow Valley Place,Saint Cloud,MN,56398
505,Davis-Mayert,1-(915)741-0284,thairesnapee0@webmd.com,47093 Del Sol Crossing,El Paso,TX,88579
506,Torp-Hahn,1-(202)421-4184,ecostelle1@mit.edu,67 Petterle Terrace,Washington,DC,20508
507,Rice-Rohan,1-(517)394-1438,hingrahame2@timesonline.co.uk,968 Lien Terrace,Lansing,MI,48919
508,Veum  Kozey and Kozey,1-(217)600-8586,milyinskie3@edublogs.org,35 Shelley Hill,Springfield,IL,62776
509,Leffler-Muller,1-(616)446-0144,eschohiere4@yahoo.com,347 Menomonie Park,Grand Rapids,MI,49560
510,McDermott-Trantow,1-(314)290-7307,aboxene5@histats.com,12699 Mendota Avenue,Saint Louis,MO,63167
511,Schoen and Sons,1-(512)841-2215,jhudsone6@list-manage.com,92011 Ridgeway Park,Austin,TX,78764
512,Kautzer Inc,1-(513)490-0071,gsaltere7@example.com,5279 Moulton Drive,Cincinnati,OH,45213
513,Osinski  Towne and Terry,1-(615)650-0686,edilaweye8@craigslist.org,4658 Oak Crossing,Nashville,TN,37210
514,Hirthe LLC,1-(719)252-6474,kyuryeve9@gmpg.org,00 Macpherson Way,Pueblo,CO,81015
515,Paucek  Ortiz and Mohr,1-(915)951-4400,aphelipeauxea@icq.com,11018 Talisman Crossing,El Paso,TX,88569
516,Barton Inc,1-(954)639-3832,bflacknelleb@diigo.com,0197 Thackeray Parkway,Orlando,FL,32825
517,Moore-Kshlerin,1-(205)487-9880,sgentyec@nps.gov,6462 Grasskamp Circle,Birmingham,AL,35231
518,Ziemann  Becker and Hodkiewicz,1-(502)705-0317,mstuthered@whitehouse.gov,96392 Lighthouse Bay Way,Louisville,KY,40266
519,Jenkins-Brekke,1-(918)278-0257,gvideanee@blinklist.com,7 Armistice Place,Tulsa,OK,74149
520,Purdy and Sons,1-(303)134-7953,vtommasief@163.com,8449 Hollow Ridge Alley,Boulder,CO,80328
521,Bailey-Monahan,1-(405)476-2273,mcuniffeeg@opensource.org,70785 Superior Way,Oklahoma City,OK,73167
522,Kihn Group,1-(339)786-0779,twikeeh@soup.io,987 Aberg Hill,Boston,MA,2163
523,Mann Group,1-(612)182-8932,rbulfitei@biglobe.ne.jp,4 Milwaukee Drive,Minneapolis,MN,55428
524,Reichert-Smitham,1-(319)628-1561,afearensideej@alexa.com,442 Ilene Park,Cedar Rapids,IA,52410
525,Jacobi  Kutch and Becker,1-(530)606-6520,bfeasterek@yandex.ru,4927 Bayside Circle,Chico,CA,95973
526,Stiedemann-Hills,1-(559)887-0680,cmithanel@addtoany.com,32370 Rusk Avenue,Fresno,CA,93740
527,Conroy  Bartoletti and Aufderhar,1-(913)418-1718,epetoem@buzzfeed.com,2 Gina Circle,Shawnee Mission,KS,66276
528,Cormier-McClure,1-(801)848-3488,fgrationen@earthlink.net,020 Muir Point,Salt Lake City,UT,84130
529,Bruen and Sons,1-(417)737-8845,channanteo@jugem.jp,18 Nevada Crossing,Springfield,MO,65810
530,DuBuque Group,1-(419)152-9114,givimyep@oaic.gov.au,477 Jenna Road,Toledo,OH,43610
531,Howe  Treutel and Rodriguez,1-(702)274-4117,mmcniffeq@ehow.com,800 Gerald Hill,Las Vegas,NV,89155
532,Leannon LLC,1-(832)274-4631,jdoggreller@google.co.jp,82 Summerview Park,Houston,TX,77075
533,Carter  Becker and Vandervort,1-(803)423-2780,ghorseyes@utexas.edu,4278 Messerschmidt Avenue,Columbia,SC,29208
534,Little  Fadel and Feeney,1-(305)323-7588,ptranfieldet@amazon.co.uk,2 Crest Line Way,Miami,FL,33180
535,Homenick-Schumm,1-(504)770-6582,sjahnckeeu@scribd.com,3 Hanson Place,New Orleans,LA,70179
536,Okuneva-Bashirian,1-(505)751-9879,mskuneev@nationalgeographic.com,7 Westridge Pass,Albuquerque,NM,87115
537,Wyman  Larkin and Paucek,1-(510)141-9606,dgannicottew@uiuc.edu,7881 Johnson Point,Oakland,CA,94660
538,Watsica  Corkery and Veum,1-(405)100-0115,dhenzeex@ask.com,043 Welch Road,Oklahoma City,OK,73124
539,Fahey Group,1-(254)893-8793,jprotheroey@dagondesign.com,798 Monica Road,Waco,TX,76796
540,Franecki and Sons,1-(213)594-0140,aocarmodyez@examiner.com,60 Spaight Center,Los Angeles,CA,90189
541,Borer LLC,1-(719)792-4967,afranklenf0@discuz.net,9405 Arrowood Way,Colorado Springs,CO,80945
542,Wintheiser  Little and Buckridge,1-(619)958-3993,rpoolf1@archive.org,208 Cody Lane,San Diego,CA,92110
543,Metz LLC,1-(615)411-5258,ltallachf2@google.it,381 Mockingbird Parkway,Nashville,TN,37228
544,Conn-Pfeffer,1-(571)169-8136,centicknapf3@printfriendly.com,9 Lakewood Gardens Hill,Merrifield,VA,22119
545,Botsford  Morissette and Larson,1-(915)340-4813,ppetrescuf4@zimbio.com,9 Ludington Junction,El Paso,TX,88546
546,Torphy LLC,1-(609)759-5953,wmanklowf5@privacy.gov.au,68 Dixon Park,Trenton,NJ,8608
547,Friesen-Kunze,1-(716)865-8205,osidlef6@state.gov,761 Reinke Circle,Buffalo,NY,14205
548,Bergstrom-O'Keefe,1-(617)113-6936,rforryanf7@youtu.be,235 Warbler Crossing,Boston,MA,2163
549,Borer-Dietrich,1-(203)434-9118,hdablinf8@cnet.com,07419 Grover Plaza,Waterbury,CT,6705
550,Reynolds LLC,1-(404)554-6449,layliffef9@forbes.com,5 Grayhawk Place,Atlanta,GA,31132
551,Stehr Group,1-(262)410-8405,echeshirfa@craigslist.org,343 2nd Plaza,Racine,WI,53405
552,Ward LLC,1-(678)757-5237,rmattecotfb@walmart.com,6201 Farragut Way,Atlanta,GA,30306
553,Feeney  Hintz and Kertzmann,1-(334)102-5998,dzimekfc@sphinn.com,7995 Maple Drive,Montgomery,AL,36104
554,Fisher LLC,1-(217)726-5432,rrosbottomfd@symantec.com,882 Heath Court,Springfield,IL,62705
555,McGlynn and Sons,1-(916)318-3618,tscoreyfe@4shared.com,4102 Meadow Valley Circle,Sacramento,CA,94263
556,Schimmel and Sons,1-(302)880-6309,sphilipff@mashable.com,41 Del Mar Parkway,Wilmington,DE,19810
557,Casper-Hartmann,1-(941)173-3093,dmallatrattfg@chron.com,43 Corry Court,Bradenton,FL,34210
558,Stokes  Will and Bayer,1-(804)118-4939,cminkerfh@npr.org,7 Muir Lane,Richmond,VA,23220
559,Upton and Sons,1-(503)394-8507,fstannersfi@example.com,75023 Ilene Park,Portland,OR,97211
560,Schmitt Inc,1-(702)553-7322,tskrzynskifj@sourceforge.net,7194 Browning Junction,Las Vegas,NV,89125
561,Hoppe  Hintz and Gislason,1-(303)524-8196,rgoadfk@cnbc.com,893 Tennessee Circle,Boulder,CO,80310
562,Cronin  Kunde and O'Connell,1-(713)859-0339,bmcgahyfl@bbc.co.uk,83 David Place,Houston,TX,77085
563,Mueller-Wisozk,1-(240)504-6222,pwoodusfm@usgs.gov,055 Beilfuss Plaza,Gaithersburg,MD,20883
564,Schultz  Toy and Gorczany,1-(515)631-1356,lconcannonfn@nymag.com,980 Maple Park,Des Moines,IA,50320
565,Simonis  Fritsch and Huel,1-(913)267-4369,mmenloefo@hc360.com,44 Northridge Pass,Shawnee Mission,KS,66276
566,Leannon  Moen and Walsh,1-(319)951-8850,jkeoghanefp@digg.com,47 Toban Lane,Iowa City,IA,52245
567,Murazik  Dicki and Christiansen,1-(202)689-9646,flehrfq@discuz.net,0 Eagle Crest Drive,Washington,DC,20591
568,Larkin Group,1-(585)428-2430,lscotsbrookfr@cdc.gov,10 Weeping Birch Point,Rochester,NY,14646
569,Hartmann  Buckridge and Ebert,1-(231)965-8742,cquirkfs@psu.edu,54 Scott Place,Muskegon,MI,49444
570,Runolfsdottir  Kihn and Wolf,1-(314)888-1585,frubinovitchft@wix.com,726 Hoard Crossing,Saint Louis,MO,63136
571,Macejkovic and Sons,1-(214)416-6822,critzmanfu@angelfire.com,47045 Browning Circle,Dallas,TX,75379
572,Turcotte-Glover,1-(760)945-2114,iglozmanfv@omniture.com,5 Milwaukee Junction,Orange,CA,92668
573,Schneider  Stamm and Stiedemann,1-(320)581-1969,nbaldifw@ow.ly,02196 Mccormick Center,Saint Cloud,MN,56372
574,Blanda Group,1-(612)174-7183,ewimmersfx@cpanel.net,90980 Rowland Plaza,Minneapolis,MN,55417
575,Goyette  Buckridge and Powlowski,1-(423)917-4703,vstudartfy@a8.net,015 Golf Park,Chattanooga,TN,37416
576,Crona-Wunsch,1-(512)163-3931,pperotfz@tripod.com,896 Corry Terrace,Austin,TX,78754
577,Emard and Sons,1-(323)729-0298,cvolettg0@ezinearticles.com,7400 Kingsford Junction,Long Beach,CA,90810
578,Watsica-Thompson,1-(619)579-9947,aphilipseng1@techcrunch.com,56 Northport Trail,San Diego,CA,92137
579,Rutherford Group,1-(610)951-8195,jastupenasg2@patch.com,7376 Mendota Way,Bethlehem,PA,18018
580,Swaniawski Group,1-(405)420-0384,mfleemingg3@tamu.edu,7 Larry Street,Norman,OK,73071
581,Osinski Inc,1-(323)888-2033,nwoodhamg4@forbes.com,3 Toban Street,Glendale,CA,91205
582,Lockman LLC,1-(713)332-0064,tmeadleyg5@businesswire.com,8 New Castle Avenue,Houston,TX,77288
583,Predovic LLC,1-(843)180-9367,givamyg6@yahoo.com,90556 Eliot Center,Charleston,SC,29424
584,MacGyver  Schoen and Nicolas,1-(414)280-2127,anuzztig7@mayoclinic.com,7647 Fair Oaks Place,Milwaukee,WI,53215
585,Little-Goldner,1-(405)322-1479,rlefriecg8@simplemachines.org,489 Maywood Park,Oklahoma City,OK,73129
586,Gerhold Inc,1-(816)430-6620,cglennong9@cafepress.com,63 Sullivan Park,Kansas City,MO,64153
587,Koelpin  Wolff and Breitenberg,1-(239)158-4081,bskahillga@wikimedia.org,44979 Anniversary Crossing,Naples,FL,34114
588,Dickens LLC,1-(714)132-6881,rginnanegb@umich.edu,1499 Oakridge Point,Newport Beach,CA,92662
589,Ernser  Kunde and McGlynn,1-(214)724-1282,ibonicelligc@tripadvisor.com,71 Sundown Terrace,Dallas,TX,75277
590,Corkery LLC,1-(336)419-7543,ddreakingd@amazon.com,24392 Portage Circle,Winston Salem,NC,27157
591,Casper and Sons,1-(678)360-0956,ktrouncerge@g.co,539 Warner Pass,Decatur,GA,30089
592,Ledner Inc,1-(810)437-1126,bhorbartgf@photobucket.com,2941 Moland Drive,Detroit,MI,48206
593,Satterfield LLC,1-(818)839-5974,dkunzelgg@google.co.jp,8 8th Junction,Brea,CA,92822
594,Kshlerin Inc,1-(516)184-6862,yferreirogh@disqus.com,6205 Summit Trail,Port Washington,NY,11054
595,Ratke-Hackett,1-(202)422-7322,lslowleygi@creativecommons.org,800 Talisman Road,Washington,DC,20525
596,Padberg  Kunze and Klocko,1-(518)333-6032,rmiqueletgj@gravatar.com,8001 Hauk Lane,Albany,NY,12232
597,Collier  Roob and Casper,1-(309)463-8983,cconwaygk@ebay.co.uk,74933 Valley Edge Drive,Peoria,IL,61651
598,Kohler-Dicki,1-(830)469-4498,glinnemanngl@ucoz.com,2 Annamark Lane,San Antonio,TX,78255
599,McClure Inc,1-(814)630-6842,anorcliffegm@chronoengine.com,920 Dawn Lane,Erie,PA,16550
600,Mills LLC,1-(985)101-3010,gsolangn@infoseek.co.jp,7 Gateway Crossing,New Orleans,LA,70124
601,Ritchie LLC,1-(562)223-7203,larthursgo@etsy.com,694 Butterfield Drive,Whittier,CA,90610
602,Turcotte and Sons,1-(512)680-1488,baffleckgp@hud.gov,2 Milwaukee Trail,Austin,TX,78754
603,Pollich-Sauer,1-(425)533-1394,vbeldongq@devhub.com,5 Westend Hill,Seattle,WA,98140
604,Sporer Group,1-(917)532-1147,jverrechiagr@ifeng.com,6791 School Place,New York City,NY,10165
605,Witting  Ziemann and Auer,1-(786)248-4282,ltidmarshgs@apache.org,22 Summerview Pass,Miami,FL,33233
606,Beier LLC,1-(937)513-3698,kfruddgt@sphinn.com,5873 Starling Point,Springfield,OH,45505
607,Doyle Group,1-(786)376-8846,kslavingu@smh.com.au,60687 South Crossing,Miami,FL,33164
608,Huel  Dooley and Koelpin,1-(843)192-1741,oturnbullgv@japanpost.jp,72683 Tony Lane,Charleston,SC,29403
609,Legros Inc,1-(713)940-6315,ealmondgw@uiuc.edu,87310 Lawn Lane,Houston,TX,77228
610,Tremblay and Sons,1-(915)276-3328,mtromangx@biglobe.ne.jp,9740 Continental Terrace,El Paso,TX,88519
611,Kshlerin Group,1-(610)918-1377,adosedalegy@vkontakte.ru,79905 Forest Dale Avenue,Reading,PA,19610
612,Wolff-Hammes,1-(480)744-3559,hyakolevgz@dot.gov,8069 Dapin Plaza,Scottsdale,AZ,85271
613,Mosciski-Padberg,1-(225)148-3511,jboodellh0@census.gov,1 Basil Circle,Baton Rouge,LA,70826
614,Boyer-Blick,1-(254)702-4920,finfantinoh1@businessweek.com,5968 Haas Crossing,Gatesville,TX,76598
615,Franecki Group,1-(571)240-9476,ptruelockh2@hhs.gov,47 Bunting Point,Alexandria,VA,22313
616,Langworth  Mante and Barton,1-(317)626-3656,cmouthh3@auda.org.au,57 Victoria Alley,Indianapolis,IN,46254
617,Reilly and Sons,1-(915)930-2028,dbloxsomh4@prlog.org,12612 Utah Crossing,El Paso,TX,79989
618,Spencer Inc,1-(407)447-1355,ifrankh5@about.com,173 Meadow Vale Trail,Kissimmee,FL,34745
619,Grimes Group,1-(812)964-5715,hdeschelleh6@si.edu,538 Mandrake Center,Evansville,IN,47747
620,Lebsack  Haag and Legros,1-(678)101-2154,gbonyh7@google.de,12041 Welch Street,Atlanta,GA,30311
621,Gusikowski and Sons,1-(903)152-5588,hheinickeh8@home.pl,45 Holy Cross Point,Texarkana,TX,75507
622,Hilll-Schamberger,1-(770)137-5528,kcruessh9@parallels.com,869 Manitowish Plaza,Gainesville,GA,30506
623,Kautzer Inc,1-(910)583-7523,pjeayesha@umn.edu,67850 Namekagon Drive,Wilmington,NC,28410
624,Dietrich-Waelchi,1-(702)653-9775,lhazletonhb@usgs.gov,27153 Carioca Way,Las Vegas,NV,89145
625,Romaguera  Miller and Ziemann,1-(209)470-7593,cotterwellhc@wix.com,4 Badeau Parkway,Stockton,CA,95210
626,Roob-Kerluke,1-(330)172-4913,grochewellhd@mtv.com,4320 Steensland Point,Akron,OH,44329
627,Brown LLC,1-(978)890-6186,fprobbingshe@hostgator.com,9844 Larry Court,Watertown,MA,2472
628,Buckridge-Nolan,1-(650)649-2998,tsperwellhf@biblegateway.com,15 Farmco Park,Sunnyvale,CA,94089
629,Skiles LLC,1-(941)751-0346,asherrellhg@senate.gov,1 Westerfield Crossing,Sarasota,FL,34233
630,Zulauf and Sons,1-(212)561-4214,mtomletthh@youtu.be,7129 Kings Alley,New York City,NY,10270
631,Hessel-Bradtke,1-(305)557-2644,aphaliphi@accuweather.com,24 Boyd Avenue,Miami,FL,33158
632,Grimes-Bogan,1-(202)256-4763,mchivrallhj@yelp.com,13 Miller Trail,Washington,DC,20215
633,Rogahn  Williamson and Rolfson,1-(504)649-3342,rramoshk@themeforest.net,96 Goodland Parkway,New Orleans,LA,70116
634,Erdman  Douglas and Hauck,1-(337)491-4535,gtorresehl@wired.com,080 Lakewood Gardens Point,Lake Charles,LA,70607
635,Auer-Pollich,1-(559)318-0836,ckimbroughhm@bloomberg.com,14 Monument Junction,Fresno,CA,93773
636,Leffler Inc,1-(281)656-0849,plobliehn@sourceforge.net,4 Vera Alley,Houston,TX,77070
637,Hoppe-Nitzsche,1-(832)822-3944,pschustlho@cbsnews.com,92166 Oak Trail,Houston,TX,77070
638,Schinner Group,1-(816)448-2691,ctolehp@globo.com,67229 Tennyson Crossing,Kansas City,MO,64136
639,Koch-Heaney,1-(949)654-9622,crilletthq@fc2.com,5 Stone Corner Court,Orange,CA,92867
640,O'Conner-Will,1-(757)820-5252,gdeedeshr@timesonline.co.uk,280 Michigan Pass,Herndon,VA,22070
641,Moore-Durgan,1-(727)572-2039,dfreehs@google.de,66848 Mifflin Pass,Clearwater,FL,34620
642,Nolan-Schulist,1-(770)998-4664,krichardssonht@google.it,418 Sundown Pass,Atlanta,GA,30306
643,Cronin-Halvorson,1-(503)180-0361,fcopestickhu@usnews.com,60821 Loeprich Way,Portland,OR,97211
644,Muller and Sons,1-(757)693-9608,ahaytonhv@arstechnica.com,11741 Dexter Way,Herndon,VA,22070
645,Howell-Schinner,1-(512)844-7424,aleahhw@blinklist.com,5901 Reinke Lane,Austin,TX,78769
646,Vandervort-Koepp,1-(786)931-1338,ncoryndonhx@discovery.com,8679 Kingsford Hill,Miami,FL,33134
647,Schumm  Batz and Volkman,1-(915)178-9933,tfitzsimonhy@springer.com,390 Maywood Crossing,El Paso,TX,88525
648,Schulist  McKenzie and Weber,1-(806)242-3016,smatchetthz@craigslist.org,74257 Hallows Parkway,Amarillo,TX,79105
649,Kris  Hessel and Tillman,1-(214)782-5967,gtileri0@hatena.ne.jp,22702 Westridge Way,Garland,TX,75049
650,Stracke  Jast and Cummerata,1-(571)665-0674,cteersi1@artisteer.com,95 Mitchell Point,Arlington,VA,22205
651,Bode  Paucek and Sanford,1-(706)953-8306,gburketti2@ucla.edu,6054 Jana Place,Columbus,GA,31914
652,Bernhard  Murphy and Bergnaum,1-(770)241-5786,tstibbsi3@upenn.edu,56913 Eastwood Point,Atlanta,GA,30311
653,Balistreri Inc,1-(336)726-4470,rplenderleithi4@hubpages.com,00 Mcguire Way,Winston Salem,NC,27116
654,Christiansen  Gislason and Keebler,1-(561)743-4826,fbauduini5@sohu.com,1746 Summerview Pass,Boynton Beach,FL,33436
655,Carter LLC,1-(979)919-6195,jmothersolei6@independent.co.uk,81999 Lakewood Gardens Park,College Station,TX,77844
656,Schmitt-Schmeler,1-(231)528-3915,ecrombleholmei7@theguardian.com,268 Fallview Avenue,Muskegon,MI,49444
657,Adams  Hyatt and Bahringer,1-(408)236-8340,abeelsi8@europa.eu,664 Aberg Way,San Jose,CA,95123
658,Simonis LLC,1-(325)253-7576,mbendleyi9@vinaora.com,81 Dakota Point,Abilene,TX,79699
659,Kohler Group,1-(562)364-6520,gpocklingtonia@princeton.edu,3868 Russell Hill,Whittier,CA,90605
660,Cassin-Cremin,1-(770)932-1026,bingleib@timesonline.co.uk,9 Bultman Pass,Norcross,GA,30092
661,Jenkins  Kutch and Dooley,1-(610)658-1656,rgolsbyic@unc.edu,95 Shoshone Way,Allentown,PA,18105
662,Koch  Wintheiser and Towne,1-(714)798-0058,bcupperid@narod.ru,86310 Vermont Drive,Huntington Beach,CA,92648
663,Cassin LLC,1-(559)351-7951,dvickersie@businessweek.com,0 Trailsway Plaza,Fresno,CA,93750
664,Nitzsche  Dare and Mertz,1-(718)665-4694,tcolmanif@g.co,06 Ronald Regan Terrace,New York City,NY,10009
665,Sanford  Gislason and Osinski,1-(949)257-7816,clucig@hubpages.com,4342 Everett Street,Irvine,CA,92619
666,Wilderman-Harris,1-(321)860-4263,jgutansih@paginegialle.it,2692 Londonderry Park,Melbourne,FL,32941
667,Rippin  Koelpin and McLaughlin,1-(952)343-0255,nschririi@comsenz.com,3 Heath Point,Young America,MN,55557
668,Treutel and Sons,1-(859)125-0453,lcrampsyij@alexa.com,71 Dixon Trail,Lexington,KY,40515
669,Waelchi  Roberts and Gibson,1-(501)903-9431,wballentimeik@apache.org,60288 Buell Drive,Little Rock,AR,72209
670,Treutel-Stanton,1-(812)811-4837,pharrinsonil@npr.org,3688 East Place,Evansville,IN,47712
671,Padberg  Blick and Walter,1-(915)457-6411,scannanim@ow.ly,74866 Kim Point,El Paso,TX,79977
672,Ratke-Christiansen,1-(850)560-5297,lgoodburin@soup.io,891 Fulton Place,Pensacola,FL,32595
673,Ullrich  Lesch and Zulauf,1-(301)736-7299,rgarroldio@hubpages.com,7317 Saint Paul Park,Rockville,MD,20851
674,Corwin  Hackett and Wiza,1-(901)883-1717,btwitchingsip@cbslocal.com,938 Welch Parkway,Memphis,TN,38136
675,D'Amore  Daugherty and Roberts,1-(508)827-2360,sdrysdelliq@answers.com,59078 Comanche Avenue,Worcester,MA,1610
676,Hamill  Howe and Rau,1-(804)629-9997,hwallesir@wordpress.org,8737 Ramsey Crossing,Richmond,VA,23242
677,Kiehn-Lehner,1-(502)332-5999,afreezeris@java.com,48 Eagan Street,Louisville,KY,40266
678,Herman LLC,1-(267)429-1398,fpickanceit@unblog.fr,3 Burrows Street,Levittown,PA,19058
679,Torphy  Bergstrom and Ebert,1-(775)868-5923,dbradaneiu@bloglovin.com,1520 Charing Cross Crossing,Carson City,NV,89706
680,Lindgren-Schmitt,1-(209)281-3729,cvondruskaiv@epa.gov,61 Lake View Park,Stockton,CA,95205
681,O'Kon  Emmerich and Hills,1-(352)787-1772,hgaylardiw@boston.com,998 Susan Drive,Ocala,FL,34479
682,Fisher  Medhurst and Barton,1-(310)822-9748,gbowbrickix@apple.com,4904 Eastlawn Circle,Inglewood,CA,90398
683,Macejkovic  Kilback and Blick,1-(312)993-8801,ledgeworthiy@wsj.com,09 Hooker Place,Chicago,IL,60652
684,Sawayn  Lang and Russel,1-(859)948-0465,gwhiskiniz@aboutads.info,3002 1st Crossing,Lexington,KY,40524
685,Padberg-Rath,1-(619)992-3461,ibyerj0@stanford.edu,05 Brown Place,San Diego,CA,92153
686,Champlin-Roberts,1-(202)376-0592,bbimsj1@soundcloud.com,7 Victoria Lane,Washington,DC,20599
687,Kub  Franecki and McCullough,1-(256)457-7050,tjohnstonej2@imdb.com,941 Prentice Park,Huntsville,AL,35815
688,Keeling Inc,1-(205)934-5222,tclarksonj3@lulu.com,80 Londonderry Place,Birmingham,AL,35205
689,Mraz Inc,1-(727)140-3145,emoggachj4@ucsd.edu,509 Thompson Place,Saint Petersburg,FL,33705
690,Wunsch  Spinka and Hills,1-(915)879-6193,amacguffiej5@go.com,1383 Vermont Court,El Paso,TX,79999
691,Schneider  Sauer and Mraz,1-(303)161-3348,bscoynej6@bravesites.com,5131 Northview Trail,Denver,CO,80299
692,McCullough  Pfannerstill and Schowalter,1-(636)610-2195,aburcombej7@yolasite.com,74 Eastlawn Alley,Saint Louis,MO,63131
693,McKenzie  Huel and Spencer,1-(202)195-2284,schaplingj8@t-online.de,0 Jenifer Lane,Washington,DC,20215
694,Kuhlman-Cummerata,1-(907)806-6194,crougej9@about.me,29537 Huxley Trail,Juneau,AK,99812
695,Harris  Boyer and Legros,1-(818)647-7627,rrallinja@usgs.gov,12 Elmside Avenue,Torrance,CA,90510
696,Weber  Nader and Turner,1-(304)651-5528,fmcurejb@github.com,27 Pond Lane,Huntington,WV,25726
697,Lesch-Dare,1-(804)836-5622,gwyndhamjc@cnet.com,24372 Dapin Court,Richmond,VA,23293
698,Terry  Harber and Nicolas,1-(754)772-5472,istacyjd@4shared.com,87729 Buena Vista Junction,Pompano Beach,FL,33075
699,Huels  Dach and Rice,1-(864)114-4417,scawsbyje@seesaa.net,97887 Stone Corner Place,Greenville,SC,29615
700,Borer  Schmidt and Schaefer,1-(609)758-9747,lgrimesjf@fc2.com,27241 Nova Parkway,Trenton,NJ,8619
701,Kuhic  Christiansen and Hills,1-(812)471-4621,dstegersjg@rambler.ru,46 Del Mar Junction,Evansville,IN,47719
702,Hayes Inc,1-(941)269-0908,osemirazjh@weebly.com,2541 Mendota Street,Sarasota,FL,34233
703,Cartwright Group,1-(212)610-7650,franniganji@dailymotion.com,1 Clove Hill,New York City,NY,10014
704,Ratke LLC,1-(775)860-0212,glamplughjj@joomla.org,2 Kingsford Drive,Reno,NV,89550
705,Hills  Sauer and Bashirian,1-(407)847-5328,swoltersjk@tmall.com,104 Grim Alley,Kissimmee,FL,34745
706,Collins Inc,1-(415)345-6825,mwardesworthjl@vinaora.com,9868 Mccormick Terrace,San Francisco,CA,94164
707,Lemke  Weissnat and Dooley,1-(602)871-9099,mcalbrathejm@bluehost.com,45 Stang Street,Phoenix,AZ,85099
708,Konopelski-Wisoky,1-(817)951-0492,pvolkerjn@nydailynews.com,7 Cardinal Road,Fort Worth,TX,76115
709,Block-Watsica,1-(214)524-3540,rscrubyjo@nifty.com,509 Hollow Ridge Lane,Mesquite,TX,75185
710,Jones  Barrows and Okuneva,1-(502)512-3225,kconrejp@wikipedia.org,13663 Marquette Street,Louisville,KY,40266
711,Zieme and Sons,1-(615)554-5924,adundonjq@ezinearticles.com,4 School Alley,Nashville,TN,37240
712,Padberg-Rowe,1-(585)451-0983,bshoulderjr@eventbrite.com,3 Tennyson Lane,Rochester,NY,14609
713,Howe-Schamberger,1-(314)459-7701,kterbeckjs@google.com.au,12 Scofield Place,Saint Louis,MO,63143
714,Heathcote  Barton and McLaughlin,1-(559)253-8872,dlamblinjt@tinypic.com,959 Maple Wood Parkway,Fresno,CA,93762
715,Fritsch  Lueilwitz and Schamberger,1-(806)257-5797,ssurguineju@t-online.de,62 Westerfield Point,Amarillo,TX,79116
716,Harber  Sawayn and Langosh,1-(830)828-4225,dcolebornjv@cbslocal.com,488 Amoth Park,San Antonio,TX,78230
717,Waters Group,1-(302)953-7176,nmullallyjw@multiply.com,1 Ridge Oak Junction,Wilmington,DE,19810
718,Carter  Jenkins and Koelpin,1-(253)702-7130,mhethronjx@godaddy.com,4458 Sherman Trail,Kent,WA,98042
719,Turner Group,1-(818)734-6568,lconnowjy@fda.gov,2 Jana Park,Glendale,CA,91205
720,Nicolas-Hamill,1-(612)722-3297,hfareyjz@hp.com,2 Sundown Point,Minneapolis,MN,55487
721,Cremin-Larkin,1-(843)207-4551,bjerzykk0@reference.com,179 High Crossing Alley,Myrtle Beach,SC,29579
722,Witting LLC,1-(267)198-7515,chourihanek1@weebly.com,0337 Memorial Terrace,Philadelphia,PA,19136
723,Heaney Inc,1-(714)212-4683,ohowickk2@google.pl,74 Crowley Trail,Irvine,CA,92717
724,Kuphal-Deckow,1-(206)366-7841,dstalleyk3@answers.com,691 Cottonwood Lane,Seattle,WA,98195
725,Zulauf LLC,1-(540)238-2426,asatyfordk4@yandex.ru,2030 Tennyson Court,Roanoke,VA,24009
726,Murazik  Fisher and Kunde,1-(727)468-1950,fgaggenk5@indiegogo.com,8 Monica Junction,Saint Petersburg,FL,33731
727,Collier LLC,1-(706)316-8454,lcansdalek6@friendfeed.com,80 Ridge Oak Road,Athens,GA,30610
728,Langworth LLC,1-(970)680-9013,tvenmorek7@dropbox.com,273 Golf Terrace,Fort Collins,CO,80525
729,Walter  McKenzie and Pfeffer,1-(304)520-2292,fallnattk8@google.fr,513 Caliangt Street,Huntington,WV,25721
730,Kutch  Kulas and Wolf,1-(915)759-4178,klangk9@live.com,68733 Golf Course Avenue,El Paso,TX,88535
731,Harvey  Thiel and Lakin,1-(202)161-8322,kterriska@mozilla.org,070 Welch Drive,Washington,DC,20310
732,Emmerich and Sons,1-(904)599-9826,iramirokb@hud.gov,90681 Katie Drive,Jacksonville,FL,32236
733,Hickle  Heathcote and Ondricka,1-(801)942-1702,atriebnerkc@chicagotribune.com,3 Green Pass,Salt Lake City,UT,84125
734,Schroeder  Hettinger and Towne,1-(215)628-5665,rbellikd@xrea.com,6 Waubesa Center,Philadelphia,PA,19141
735,Lang-Hansen,1-(513)207-0909,jferneleyke@facebook.com,27 Bowman Hill,Cincinnati,OH,45238
736,Mosciski Group,1-(760)976-4105,jboolerkf@spiegel.de,52779 Shasta Hill,San Diego,CA,92121
737,VonRueden and Sons,1-(760)239-7116,redelmannkg@delicious.com,983 Birchwood Point,Escondido,CA,92030
738,Walker-Windler,1-(907)207-0680,sbellisonkh@netvibes.com,883 Debra Center,Anchorage,AK,99522
739,Pfeffer Inc,1-(763)254-2378,pgeorgescuki@hp.com,45202 Continental Drive,Monticello,MN,55590
740,Kuvalis  Pagac and Heller,1-(614)211-2236,nwebberleykj@delicious.com,84283 Nevada Hill,Columbus,OH,43204
741,Parisian Inc,1-(407)618-3508,mjoplingkk@hc360.com,59628 Butternut Road,Orlando,FL,32868
742,Pfannerstill-Satterfield,1-(305)320-6628,aalcornkl@cbsnews.com,6 Crest Line Plaza,Hialeah,FL,33013
743,Koelpin-Balistreri,1-(785)150-9704,mkaretkm@smh.com.au,1 Sherman Park,Topeka,KS,66622
744,Huels and Sons,1-(951)148-6995,bguilbertkn@tinyurl.com,04152 Elmside Crossing,Corona,CA,92878
745,Hessel-Davis,1-(610)160-8779,zkixko@microsoft.com,5882 Parkside Street,Allentown,PA,18105
746,Gulgowski-Jacobs,1-(281)271-5195,gfernaokp@joomla.org,19 Bluejay Hill,Houston,TX,77020
747,Wolff-Pagac,1-(619)800-9117,scollifordkq@psu.edu,3047 Autumn Leaf Way,San Diego,CA,92191
748,Weber Inc,1-(518)985-3900,mridekr@chron.com,6981 Ruskin Circle,Schenectady,NY,12305
749,Powlowski-Morissette,1-(785)300-5900,scorradettiks@youtube.com,5219 Kenwood Terrace,Topeka,KS,66611
750,Cartwright Group,1-(916)184-0819,pskelhornkt@accuweather.com,9 Ryan Junction,Sacramento,CA,95865
751,Turcotte-Batz,1-(704)709-3627,fgosselinku@woothemes.com,5 Chinook Alley,Winston Salem,NC,27105
752,Orn  Towne and Leffler,1-(501)761-0061,wkochskv@examiner.com,653 Little Fleur Circle,Hot Springs National Park,AR,71914
753,Torphy-Hagenes,1-(251)229-5060,ncluneykw@example.com,1 Oxford Park,Mobile,AL,36605
754,Rath LLC,1-(508)973-1632,rottewellkx@indiegogo.com,03526 Waywood Circle,Newton,MA,2162
755,Windler and Sons,1-(918)155-8255,dabbaky@cam.ac.uk,7 Knutson Terrace,Tulsa,OK,74108
756,Stokes-Luettgen,1-(407)936-7770,pmorlonkz@apache.org,3 Hermina Drive,Orlando,FL,32819
757,Koelpin  DuBuque and Ritchie,1-(386)383-5983,rchaterl0@bloglines.com,6384 Stone Corner Road,Daytona Beach,FL,32118
758,Durgan  Bernhard and Haag,1-(813)746-3491,gbraikenridgel1@epa.gov,48524 Ryan Road,Tampa,FL,33686
759,Reichert-Pagac,1-(281)773-8051,ckaygilll2@paypal.com,19 Boyd Terrace,Katy,TX,77493
760,Jerde  Mohr and Wintheiser,1-(571)773-5112,pmorenal3@blogs.com,6 Elmside Center,Falls Church,VA,22047
761,Tillman  Christiansen and Nolan,1-(619)813-1171,aritzmanl4@nifty.com,040 Service Trail,San Diego,CA,92115
762,Schuster  Morissette and Haag,1-(202)811-7637,mrobertetl5@moonfruit.com,40119 Eastlawn Place,Washington,DC,20244
763,Gislason Inc,1-(814)429-5725,aghidinil6@wordpress.org,65 Bashford Way,Erie,PA,16565
764,Stiedemann  Stehr and Keebler,1-(316)180-3619,kvickarsl7@biglobe.ne.jp,52 Brickson Park Junction,Wichita,KS,67215
765,Wiza Group,1-(502)576-0278,kbrunal8@goodreads.com,7140 Walton Place,Frankfort,KY,40618
766,Lang  Blanda and Gorczany,1-(916)552-5113,rcorthesl9@dropbox.com,923 Valley Edge Parkway,Sacramento,CA,94297
767,Kuhlman Group,1-(757)152-8710,dstoutla@techcrunch.com,0493 Canary Crossing,Hampton,VA,23668
768,Grimes and Sons,1-(830)675-2843,agwinnlb@delicious.com,6 Holmberg Parkway,San Antonio,TX,78245
769,Morissette-Wisoky,1-(860)657-0327,otinnerlc@arstechnica.com,03 Reinke Way,Hartford,CT,6160
770,Blick  Hartmann and Nitzsche,1-(609)609-6727,vhatchmanld@pagesperso-orange.fr,11786 Laurel Pass,Trenton,NJ,8650
771,Brown and Sons,1-(619)469-6524,dflemyngle@stumbleupon.com,60 Scott Center,San Diego,CA,92153
772,Langworth and Sons,1-(661)737-6871,ptayloelf@indiatimes.com,8633 Packers Hill,Bakersfield,CA,93305
773,Swift  Treutel and Bernier,1-(904)855-1824,nkubanlg@aboutads.info,8 Portage Point,Jacksonville,FL,32204
774,Armstrong-Hegmann,1-(901)725-2162,mmiettinenlh@a8.net,2 Towne Trail,Memphis,TN,38126
775,Hintz-Sipes,1-(619)378-4838,aardleyli@theguardian.com,0771 Basil Place,San Diego,CA,92165
776,McClure Inc,1-(253)767-4686,kgurrlj@bing.com,35 Kings Crossing,Tacoma,WA,98442
777,Littel LLC,1-(609)472-8067,rrennylk@delicious.com,9821 Heath Circle,Trenton,NJ,8608
778,Franecki  Price and Carroll,1-(281)801-5791,pcustll@netvibes.com,79869 Beilfuss Junction,Humble,TX,77346
779,Simonis-Hermiston,1-(817)866-7436,clebarrlm@hhs.gov,9846 Bultman Pass,Fort Worth,TX,76121
780,Gutkowski-Rice,1-(862)575-8177,sgoodwinln@wired.com,830 Delaware Drive,Paterson,NJ,7505
781,Ryan LLC,1-(775)688-4204,kdanceylo@ox.ac.uk,3981 Helena Plaza,Reno,NV,89505
782,Rippin-Berge,1-(916)269-8851,kgittinglp@google.com.hk,15730 Melby Lane,Sacramento,CA,94245
783,Rice-Hegmann,1-(817)713-1058,bfellinilq@yandex.ru,7 Larry Place,Fort Worth,TX,76110
784,O'Hara  Russel and Rath,1-(917)470-2199,eofarrelllr@noaa.gov,1810 Dakota Crossing,New York City,NY,10029
785,Rath and Sons,1-(972)685-9481,mjanssenls@elegantthemes.com,164 Holmberg Terrace,Dallas,TX,75205
786,Greenholt  Beier and VonRueden,1-(619)601-3266,gquestedlt@youtu.be,14 North Place,San Diego,CA,92176
787,Keebler-Dickens,1-(732)412-3022,nberisfordlu@gravatar.com,063 Michigan Alley,New Brunswick,NJ,8922
788,Turner-Lindgren,1-(423)161-7732,aconinglv@ftc.gov,1 Green Center,Chattanooga,TN,37416
789,Keeling-Lehner,1-(415)658-6857,mmengolw@surveymonkey.com,4384 Daystar Terrace,San Francisco,CA,94137
790,Collier Group,1-(951)752-6850,jbeldhamlx@ycombinator.com,28 Mesta Parkway,Corona,CA,92878
791,Sporer-Mueller,1-(816)443-5324,rmurrumly@latimes.com,7256 Northport Drive,Kansas City,MO,64109
792,Mertz LLC,1-(407)669-5023,mpoizerlz@mashable.com,90566 Granby Circle,Orlando,FL,32808
793,Fisher  Legros and Koepp,1-(815)402-1437,aismeadm0@merriam-webster.com,3 South Center,Rockford,IL,61110
794,Farrell-Connelly,1-(281)445-0160,csheircliffem1@hibu.com,5623 Sachs Circle,Houston,TX,77005
795,Lubowitz  Schaefer and Gleichner,1-(210)573-3907,ahalworthm2@ow.ly,93 Mendota Drive,San Antonio,TX,78250
796,Fisher  Schuster and Glover,1-(513)263-8487,ecroosem3@bbb.org,277 Westerfield Road,Cincinnati,OH,45223
797,Schroeder  Schmitt and Romaguera,1-(513)405-1328,wgailorm4@miitbeian.gov.cn,78 Clyde Gallagher Place,Cincinnati,OH,45208
798,Gutmann-Beahan,1-(858)170-3902,lbenjaminm5@prnewswire.com,9 Debs Alley,San Diego,CA,92110
799,Murray  Bahringer and Schumm,1-(727)338-5882,sgladstonem6@nifty.com,83 Linden Avenue,Largo,FL,34643
800,Marks Inc,1-(213)198-5094,diresonm7@java.com,5 Fremont Street,Los Angeles,CA,90050
801,Ernser  Schaden and Hoeger,1-(714)342-0834,ebrimblem8@blinklist.com,6824 Talisman Drive,Irvine,CA,92717
802,Ernser  Reilly and Homenick,1-(716)510-7132,asainsburym9@woothemes.com,74459 Dottie Street,Buffalo,NY,14276
803,King and Sons,1-(808)166-7344,bhobbenma@seattletimes.com,4 Pankratz Alley,Honolulu,HI,96815
804,Mueller and Sons,1-(941)693-3358,gcleimentmb@qq.com,0 Columbus Pass,Punta Gorda,FL,33982
805,Gutkowski and Sons,1-(202)373-5359,cwoodhamsmc@answers.com,12158 Killdeer Circle,Washington,DC,20067
806,Veum  Maggio and Schmidt,1-(816)394-1524,lmcrobbmd@engadget.com,42344 Talisman Terrace,Kansas City,MO,64193
807,Metz-Kreiger,1-(432)539-6290,ddebeauchampme@histats.com,94327 Nobel Trail,Odessa,TX,79764
808,Cormier-Goodwin,1-(617)309-1556,wweinbergmf@umn.edu,1219 Farragut Pass,Boston,MA,2109
809,King  Kunze and Kutch,1-(336)405-7401,jisakovicmg@zdnet.com,6467 Spaight Terrace,Winston Salem,NC,27157
810,Kunze Inc,1-(415)780-0661,rscarsbrookemh@weibo.com,7543 Toban Center,San Francisco,CA,94116
811,Kutch  Veum and Walsh,1-(312)532-7527,josgarmi@163.com,15 Thackeray Street,Chicago,IL,60674
812,Morissette  Crist and Fritsch,1-(862)516-8661,lbaudouxmj@intel.com,9243 Dahle Drive,Newark,NJ,7195
813,Leannon Group,1-(812)397-0091,hmagwoodmk@fastcompany.com,9702 Kipling Road,Evansville,IN,47712
814,Hermann LLC,1-(562)486-6011,hbragaml@ask.com,6967 High Crossing Court,Long Beach,CA,90840
815,Klein Inc,1-(256)493-3113,maubrymm@typepad.com,960 Sauthoff Avenue,Huntsville,AL,35815
816,Berge  Schoen and O'Kon,1-(803)785-7605,shansodmn@meetup.com,2 Myrtle Road,Columbia,SC,29240
817,Pfeffer  Johns and Streich,1-(916)303-7951,carneymo@smugmug.com,20 Artisan Pass,Sacramento,CA,95823
818,Torp  Runolfsson and Parker,1-(208)240-2730,jpresideymp@webs.com,01 Ramsey Terrace,Idaho Falls,ID,83405
819,Cruickshank LLC,1-(803)234-0214,ahoulisonmq@illinois.edu,5 Donald Court,Columbia,SC,29225
820,Nitzsche  Beer and Bailey,1-(757)544-5332,nsmeedmr@google.fr,5400 Blue Bill Park Pass,Norfolk,VA,23509
821,Stokes  Nikolaus and Braun,1-(916)830-5255,rsellorsms@plala.or.jp,7602 Crownhardt Hill,Sacramento,CA,94280
822,King-Wiegand,1-(760)220-7146,hmacauleymt@istockphoto.com,1 Trailsway Pass,San Bernardino,CA,92415
823,Bernier and Sons,1-(803)426-2035,rtrustymu@newyorker.com,6372 Harbort Court,Columbia,SC,29215
824,Dickens  Johnson and Ledner,1-(410)290-3239,dochiltreemv@nbcnews.com,2 Pond Park,Silver Spring,MD,20904
825,Koelpin  Romaguera and Collins,1-(808)449-1346,sbolandmw@bing.com,7 Kedzie Road,Honolulu,HI,96845
826,Schaefer  Boyle and Schmeler,1-(520)890-3342,aneathmx@mysql.com,7803 Nevada Avenue,Tucson,AZ,85715
827,Pouros Inc,1-(303)885-0064,vasplandmy@shinystat.com,2718 Hovde Terrace,Denver,CO,80262
828,Osinski Inc,1-(314)707-9815,tgoodboddymz@unblog.fr,8 Sundown Road,Saint Louis,MO,63136
829,Ledner  Hilll and Wyman,1-(541)525-3783,adarceyn0@wisc.edu,08 Anthes Junction,Eugene,OR,97405
830,Roberts  Satterfield and Wintheiser,1-(937)892-6040,stonryn1@prnewswire.com,51422 Eagan Trail,Dayton,OH,45470
831,Denesik and Sons,1-(804)357-3676,cghentn2@surveymonkey.com,2 Helena Terrace,Richmond,VA,23285
832,Kilback Inc,1-(901)747-9294,gloramn3@go.com,15 Westend Lane,Memphis,TN,38197
833,West-Mraz,1-(989)392-4947,csoamesn4@pen.io,4006 John Wall Pass,Saginaw,MI,48609
834,Huels Group,1-(941)774-6490,rokanen5@illinois.edu,1 Morningstar Court,Bonita Springs,FL,34135
835,McKenzie LLC,1-(415)396-0426,lshiebern6@reuters.com,99978 Anthes Trail,San Francisco,CA,94137
836,Bartell  O'Kon and Hermann,1-(832)723-1084,ajellicon7@guardian.co.uk,752 Meadow Valley Place,Houston,TX,77080
837,Deckow LLC,1-(571)817-9895,eewingtonn8@issuu.com,13 Manley Circle,Dulles,VA,20189
838,Hessel LLC,1-(409)749-8507,lkubun9@merriam-webster.com,33741 New Castle Place,Beaumont,TX,77705
839,Quitzon and Sons,1-(816)350-7477,gcushionna@com.com,9500 Cottonwood Terrace,Kansas City,MO,64160
840,Zboncak-Hammes,1-(337)963-6532,jdanilinnb@pinterest.com,40 Hermina Circle,Lafayette,LA,70505
841,Prosacco LLC,1-(585)589-5190,sslimmonnc@washington.edu,055 Forster Junction,Rochester,NY,14609
842,Boyle-Bogan,1-(818)290-5980,jmallochnd@hao123.com,2293 West Alley,Santa Monica,CA,90405
843,Orn-Nicolas,1-(405)472-5350,lkellettne@sun.com,03162 Riverside Trail,Oklahoma City,OK,73197
844,Stoltenberg-Roob,1-(910)953-3879,rmacnameenf@surveymonkey.com,73 Dahle Court,Fayetteville,NC,28305
845,Rau and Sons,1-(415)405-4414,mshierng@ucsd.edu,3331 Graedel Terrace,San Francisco,CA,94159
846,Cronin-Kovacek,1-(602)328-6136,ngillinonh@devhub.com,175 Rieder Street,Phoenix,AZ,85030
847,Luettgen  Krajcik and Schneider,1-(571)754-2073,ggibbensni@cornell.edu,18 Butterfield Street,Falls Church,VA,22047
848,Spinka LLC,1-(256)829-2094,cchristophersonnj@indiatimes.com,1325 Old Shore Avenue,Huntsville,AL,35815
849,Bergnaum  Donnelly and DuBuque,1-(718)953-0089,lpyvisnk@spotify.com,9395 Cottonwood Crossing,Brooklyn,NY,11220
850,Ondricka LLC,1-(443)714-6496,sbasnettnl@psu.edu,5 Michigan Alley,Baltimore,MD,21229
851,Bernier-Upton,1-(612)670-5500,wpegdennm@ning.com,31 Park Meadow Crossing,Minneapolis,MN,55458
852,Haley LLC,1-(239)722-9396,zdarceynn@washingtonpost.com,80 Iowa Crossing,Fort Myers,FL,33906
853,Legros-Krajcik,1-(202)144-8886,whackettno@163.com,10037 Merry Park,Washington,DC,20580
854,VonRueden  Abernathy and Feeney,1-(562)938-3082,bzecchiniinp@sina.com.cn,887 7th Lane,Los Angeles,CA,90005
855,Conroy-Ondricka,1-(540)682-8326,eclouternq@sogou.com,8 Kings Lane,Roanoke,VA,24020
856,Ritchie  Pfeffer and Borer,1-(321)462-3479,dmachinnr@slate.com,22523 Anthes Pass,Orlando,FL,32835
857,Lemke-Jenkins,1-(714)679-2955,sfittisns@sbwire.com,831 Oakridge Circle,Garden Grove,CA,92844
858,Douglas  Stamm and Champlin,1-(719)324-7208,bhanbridgent@disqus.com,5 Bayside Plaza,Pueblo,CO,81005
859,Renner-Gerhold,1-(479)787-3030,mgarthlandnu@people.com.cn,424 Summerview Point,Fort Smith,AR,72905
860,Grady-Haley,1-(619)967-8822,pcrosgrovenv@plala.or.jp,4 Debs Circle,San Diego,CA,92127
861,Gorczany-Koss,1-(304)814-2065,rhinkesnw@blogs.com,25 Logan Junction,Huntington,WV,25770
862,Schultz-Mayer,1-(936)163-3331,hcahalannx@facebook.com,07 Pond Center,Conroe,TX,77305
863,Eichmann Group,1-(541)755-7285,ldrohaneny@cdbaby.com,77 Rigney Place,Eugene,OR,97405
864,Nienow-Borer,1-(678)129-9668,smushrownz@nifty.com,5 Charing Cross Way,Atlanta,GA,30301
865,Olson-Harber,1-(817)745-9083,rburgillo0@businessweek.com,70960 Eliot Trail,Fort Worth,TX,76134
866,Pollich-Leffler,1-(571)471-1627,qmathisseno1@rakuten.co.jp,39722 Fairview Circle,Springfield,VA,22156
867,Hand  DuBuque and Larson,1-(281)297-1914,zsorleyo2@acquirethisname.com,1152 Longview Lane,Houston,TX,77010
868,Upton Group,1-(713)581-2472,dalenino3@cdc.gov,38586 Luster Avenue,Houston,TX,77288
869,Johnson-Collier,1-(313)369-9722,cboydao4@github.com,7 Dryden Alley,Detroit,MI,48232
870,Larson  VonRueden and Wiza,1-(214)681-6701,rcorderoo5@goo.gl,7484 Merry Crossing,Arlington,TX,76096
871,Cole  Fritsch and Schuppe,1-(678)982-6751,sliebermanno6@angelfire.com,4 Pleasure Drive,Duluth,GA,30096
872,Sauer-Ward,1-(801)554-4553,bhauxwello7@amazon.com,39 Elka Lane,Ogden,UT,84409
873,Beatty and Sons,1-(718)544-2429,sstruiso8@accuweather.com,36 Thackeray Plaza,Brooklyn,NY,11231
874,Muller Inc,1-(304)524-4138,aacomeo9@sina.com.cn,7 Thierer Pass,Huntington,WV,25775
875,Cummerata-Fay,1-(520)502-5176,gtolertonoa@wunderground.com,554 Hansons Terrace,Tucson,AZ,85737
876,Flatley  Cummings and Mills,1-(850)561-2865,mgocherob@mtv.com,46951 Bunting Road,Tallahassee,FL,32399
877,Mitchell Group,1-(212)740-1246,kchewoc@blogs.com,01 Raven Court,New York City,NY,10004
878,Fadel-Beatty,1-(571)217-1230,rvedstraod@answers.com,715 Anthes Street,Arlington,VA,22225
879,Boehm  Funk and Greenfelder,1-(928)183-6002,ccarnegieoe@ycombinator.com,213 Troy Drive,Prescott,AZ,86305
880,Kuphal  Terry and Cremin,1-(318)372-0036,jlecountof@google.com,81 South Court,Shreveport,LA,71151
881,Vandervort  Goodwin and Conroy,1-(520)872-1996,opigginog@github.io,9397 Sunnyside Park,Tucson,AZ,85754
882,Bradtke and Sons,1-(202)774-8542,jshaftooh@noaa.gov,55 Eagle Crest Street,Washington,DC,20436
883,Hickle  Jacobson and Friesen,1-(202)746-6991,espringfordoi@mozilla.org,29685 Browning Junction,Washington,DC,20520
884,Purdy and Sons,1-(850)174-3705,fgianullooj@webs.com,48996 Packers Road,Tallahassee,FL,32309
885,Cartwright-Marvin,1-(402)913-4341,imertelok@over-blog.com,57954 Miller Circle,Lincoln,NE,68583
886,D'Amore-Fay,1-(305)862-8512,ehebbornol@ning.com,7 Anzinger Road,Miami,FL,33185
887,Gottlieb and Sons,1-(408)483-9358,ktheisom@symantec.com,6 Dayton Road,San Jose,CA,95123
888,Schumm-Strosin,1-(203)294-1305,bmoyerson@microsoft.com,91 Toban Avenue,New Haven,CT,6520
889,Leffler  Mayer and Gerhold,1-(304)784-4087,mbeavorsoo@psu.edu,5092 Esker Plaza,Huntington,WV,25709
890,Stiedemann Group,1-(619)337-9099,mlodemannop@example.com,3 Northview Alley,San Diego,CA,92191
891,Macejkovic  Strosin and Ankunding,1-(619)700-8458,kweiroq@google.co.uk,818 Red Cloud Avenue,San Diego,CA,92176
892,Von  Torphy and Quigley,1-(440)156-3538,cdouthwaiteor@google.com.hk,17121 Vernon Trail,Cleveland,OH,44130
893,Corkery Group,1-(214)226-4999,bpentercostos@cafepress.com,95 Mccormick Trail,Houston,TX,77005
894,Mosciski  Howe and Nolan,1-(251)403-6575,wpenhaligonot@mediafire.com,89626 Johnson Drive,Mobile,AL,36610
895,Blick Group,1-(305)366-2894,chaineyou@last.fm,40 West Plaza,Hialeah,FL,33018
896,Prosacco  Schimmel and Strosin,1-(302)843-4334,lkloserov@cnn.com,0252 Michigan Avenue,Wilmington,DE,19886
897,Walker-Rutherford,1-(253)997-3398,kwoottonow@ning.com,27065 Lawn Drive,Olympia,WA,98516
898,Bruen LLC,1-(863)626-7118,mudaleox@baidu.com,0881 Beilfuss Hill,Lakeland,FL,33805
899,Hammes-Haag,1-(937)748-7958,marrooy@technorati.com,74 Redwing Court,Hamilton,OH,45020
900,Gerlach-Pagac,1-(480)959-0440,ageistmannoz@mozilla.org,21630 Clyde Gallagher Pass,Phoenix,AZ,85005
901,O'Hara  DuBuque and Rippin,1-(717)694-2071,ffaussettp0@pcworld.com,08 Stephen Circle,Harrisburg,PA,17121
902,Barrows  Maggio and Stokes,1-(770)987-6900,sevensp1@spotify.com,369 Luster Court,Alpharetta,GA,30022
903,Ruecker and Sons,1-(480)853-3920,deatp2@zimbio.com,049 Bobwhite Street,Scottsdale,AZ,85255
904,Hauck  Botsford and Stoltenberg,1-(713)945-3045,pdeliasp3@ucoz.com,673 Birchwood Road,Houston,TX,77040
905,Kris LLC,1-(818)194-1247,lalvaradop4@hexun.com,100 Little Fleur Lane,Glendale,CA,91210
906,Heidenreich  Wehner and Block,1-(216)953-8358,bcodnerp5@dailymotion.com,369 Jay Pass,Cleveland,OH,44130
907,Lind-Abshire,1-(716)892-9670,cedmonsp6@cbslocal.com,61951 La Follette Way,Buffalo,NY,14263
908,Kessler LLC,1-(314)742-3445,screebop7@webeden.co.uk,722 Little Fleur Junction,Saint Louis,MO,63136
909,Mills Group,1-(212)109-7808,abardillp8@imdb.com,3 Susan Trail,New York City,NY,10170
910,Rempel and Sons,1-(407)575-0759,sgoodyp9@51.la,5755 Fisk Lane,Orlando,FL,32803
911,Wisozk Inc,1-(210)837-1136,bgiraultpa@seattletimes.com,679 Mockingbird Terrace,San Antonio,TX,78230
912,Hickle  Adams and Hermiston,1-(202)860-6903,ptrevenapb@nba.com,5 Mccormick Alley,Washington,DC,56944
913,Kutch Group,1-(614)946-5133,mpanyerpc@unesco.org,1 Lakeland Pass,Columbus,OH,43226
914,Becker and Sons,1-(505)880-3519,hcattelpd@bandcamp.com,592 Sutherland Road,Santa Fe,NM,87592
915,Bergstrom Inc,1-(606)132-7329,ckehirpe@berkeley.edu,29150 Northridge Circle,London,KY,40745
916,Shanahan and Sons,1-(937)630-9929,holeszkiewiczpf@furl.net,26 Old Gate Avenue,Dayton,OH,45440
917,Rosenbaum  Hermann and Wisoky,1-(915)218-2355,nmaciejapg@technorati.com,4730 Victoria Circle,El Paso,TX,79940
918,Grimes Inc,1-(509)785-1734,rmeadusph@cdbaby.com,5 Nelson Terrace,Spokane,WA,99205
919,Douglas LLC,1-(806)363-4480,dweavillpi@acquirethisname.com,5 Welch Court,Amarillo,TX,79116
920,Bode  Corwin and Bergnaum,1-(325)492-2513,dcraydonpj@nationalgeographic.com,23 Saint Paul Crossing,Abilene,TX,79699
921,Dicki  Jacobs and Fahey,1-(804)769-5620,swoolpertpk@geocities.jp,26361 Roth Park,Richmond,VA,23228
922,Weissnat-Torphy,1-(646)330-5986,hsenecautpl@cargocollective.com,9182 Elgar Drive,New York City,NY,10024
923,Schmeler and Sons,1-(704)245-4392,tsheeringpm@blogspot.com,157 Bayside Point,Charlotte,NC,28272
924,Kutch and Sons,1-(310)729-7269,nyanovpn@howstuffworks.com,450 Boyd Crossing,Santa Monica,CA,90410
925,Morissette  Cole and Jaskolski,1-(202)336-9881,mgernierpo@cdc.gov,4190 Kennedy Avenue,Washington,DC,20530
926,Sipes Inc,1-(316)226-1408,rkalbpp@hostgator.com,83 Northfield Avenue,Wichita,KS,67215
927,McCullough  Jacobson and Lind,1-(901)122-4389,jartonpq@irs.gov,90544 Talmadge Junction,Memphis,TN,38150
928,Bins Group,1-(757)997-9240,aplaunchpr@columbia.edu,5843 Mendota Terrace,Hampton,VA,23668
929,Rolfson Group,1-(918)227-8080,graintonps@japanpost.jp,042 Johnson Court,Tulsa,OK,74149
930,Herzog and Sons,1-(719)396-2101,abellfieldpt@businessinsider.com,589 Arkansas Plaza,Pueblo,CO,81010
931,Kshlerin Inc,1-(605)545-2082,wbillyealdpu@tiny.cc,6 Anthes Junction,Sioux Falls,SD,57110
932,Robel-Hickle,1-(618)837-0038,msharpleypv@vkontakte.ru,29108 Erie Point,East Saint Louis,IL,62205
933,Ruecker  Harvey and Corkery,1-(434)619-8191,mlilloepw@jiathis.com,360 Meadow Valley Parkway,Lynchburg,VA,24503
934,Boyle and Sons,1-(404)575-0695,awortleypx@dot.gov,4 Lawn Point,Atlanta,GA,30343
935,McGlynn-Wyman,1-(336)305-7244,lrowbottampy@latimes.com,02 Mandrake Crossing,Greensboro,NC,27415
936,Torphy-Cummings,1-(215)225-3623,hrawpz@hp.com,12505 Lakewood Gardens Lane,Philadelphia,PA,19136
937,Dare-Rosenbaum,1-(303)706-2769,fizachikq0@mac.com,56784 Sutherland Parkway,Denver,CO,80223
938,Lesch  Grimes and Kris,1-(563)646-8117,egarnsworthq1@mysql.com,34152 Caliangt Pass,Davenport,IA,52809
939,Torp  Osinski and Bayer,1-(816)468-2615,rwroughtonq2@blogger.com,6483 Hayes Lane,Kansas City,MO,64149
940,Harris  Kertzmann and Zboncak,1-(803)105-0401,fnaisbittq3@icio.us,46025 Ilene Place,Columbia,SC,29215
941,Wisozk-Feeney,1-(517)958-2507,theymannq4@msu.edu,94396 Shoshone Parkway,Lansing,MI,48901
942,Schneider  Gleason and Kautzer,1-(202)757-8915,cmarrowq5@vinaora.com,410 Maywood Crossing,Washington,DC,20420
943,Schowalter-Lind,1-(314)114-2148,wkenyamq6@webnode.com,1103 Haas Street,Saint Louis,MO,63116
944,Kub  Ebert and Jacobi,1-(404)758-1869,mgoodsonq7@exblog.jp,30129 Upham Junction,Decatur,GA,30089
945,Oberbrunner-Anderson,1-(717)913-3046,mallamq8@salon.com,0149 Cordelia Crossing,Harrisburg,PA,17110
946,Abshire and Sons,1-(337)653-9810,fwaggittq9@sfgate.com,1949 Maywood Hill,Lake Charles,LA,70607
947,Lind-Kuhic,1-(423)304-1481,rschollqa@macromedia.com,531 Nevada Drive,Johnson City,TN,37605
948,Murray  Jerde and O'Hara,1-(718)722-4712,fshinglesqb@live.com,112 Nevada Crossing,Jamaica,NY,11436
949,Flatley LLC,1-(915)195-8612,ddcruzeqc@cpanel.net,114 Ridgeway Drive,El Paso,TX,79923
950,Weber-Ebert,1-(212)813-8145,jreekieqd@amazon.com,0 Shopko Avenue,New York City,NY,10034
951,Herman  Weber and Bartoletti,1-(610)890-4307,npyleqe@ifeng.com,1943 Annamark Junction,Reading,PA,19605
952,Connelly-Marvin,1-(504)372-5388,kzannottiqf@dedecms.com,50 Portage Court,New Orleans,LA,70179
953,O'Connell  Smith and Sauer,1-(502)617-5773,tkyndredqg@phoca.cz,0474 Sloan Trail,Louisville,KY,40225
954,Brakus-Batz,1-(330)917-9156,rpoundsfordqh@nyu.edu,84 Cardinal Point,Canton,OH,44705
955,Wiza  Kris and Stoltenberg,1-(804)454-7253,ahaughianqi@arizona.edu,8 Orin Hill,Richmond,VA,23213
956,Streich-Metz,1-(919)707-5764,kthuillierqj@livejournal.com,3616 Cottonwood Avenue,Raleigh,NC,27658
957,Brakus-Toy,1-(281)573-4709,vhewertsonqk@canalblog.com,1 Del Mar Center,Houston,TX,77095
958,Littel  Hegmann and Cruickshank,1-(402)207-1596,asturridgeql@google.com.hk,98260 Morning Park,Omaha,NE,68197
959,Dooley Inc,1-(806)573-5170,wallpressqm@amazon.co.uk,105 Autumn Leaf Point,Amarillo,TX,79118
960,Gaylord and Sons,1-(850)119-7994,rhoweqn@creativecommons.org,3 Packers Trail,Pensacola,FL,32520
961,Nolan-Ledner,1-(919)409-2032,plarmouthqo@last.fm,1 Fordem Court,Durham,NC,27717
962,Smith Inc,1-(901)826-3383,sroddieqp@nsw.gov.au,735 Kinsman Park,Memphis,TN,38109
963,Mante Group,1-(917)455-8587,eblasioqq@icq.com,415 Vidon Point,Jamaica,NY,11447
964,Upton-Bayer,1-(801)860-3328,cdurbynqr@sitemeter.com,9020 Fairview Junction,Salt Lake City,UT,84140
965,Mertz-Bode,1-(850)968-4363,gsallerqs@gov.uk,87086 Burning Wood Center,Pensacola,FL,32511
966,Swift LLC,1-(616)206-7389,fchuterqt@cafepress.com,07742 Fulton Plaza,Grand Rapids,MI,49510
967,Leannon-Bernhard,1-(561)133-1123,hacumqu@networkadvertising.org,24891 Mallard Parkway,West Palm Beach,FL,33416
968,McClure  Hand and Cummings,1-(210)323-2447,hkittleyqv@unblog.fr,86 Derek Junction,San Antonio,TX,78250
969,Sanford  Schamberger and Wunsch,1-(727)219-1076,dlayeqw@wordpress.com,30434 Grayhawk Terrace,Clearwater,FL,34615
970,Reilly  Hermann and Roob,1-(303)378-1902,lbautisteqx@wp.com,0 Welch Court,Denver,CO,80262
971,Goodwin LLC,1-(915)907-8487,hperesqy@fda.gov,16 Johnson Center,El Paso,TX,88519
972,Beatty  Beer and Konopelski,1-(704)912-7624,dbramwichqz@nytimes.com,060 Rockefeller Park,Charlotte,NC,28278
973,Harvey-Morar,1-(314)765-7186,sboweringr0@springer.com,975 Pierstorff Road,Saint Louis,MO,63116
974,Rogahn  Morar and Crooks,1-(602)772-7120,aanneslier1@apache.org,214 Hovde Parkway,Glendale,AZ,85311
975,Sanford Inc,1-(231)713-3115,nheminsleyr2@spotify.com,69 Pennsylvania Center,Muskegon,MI,49444
976,Kovacek and Sons,1-(208)494-0755,mrubeer3@constantcontact.com,4328 Hagan Way,Boise,ID,83722
977,Connelly-Hudson,1-(808)737-0017,dbenningr4@typepad.com,5 Boyd Circle,Honolulu,HI,96815
978,Spinka LLC,1-(281)219-9812,hcarpr5@usnews.com,417 Larry Parkway,Houston,TX,77293
979,Gottlieb-Grant,1-(850)591-6289,sshelsherr6@bbc.co.uk,8 Almo Park,Pinellas Park,FL,34665
980,Cruickshank LLC,1-(202)648-3629,amcmeekinr7@phoca.cz,47359 Miller Way,Washington,DC,20268
981,Kunde  Wintheiser and Oberbrunner,1-(920)277-6834,pmaror8@ocn.ne.jp,248 Hermina Circle,Appleton,WI,54915
982,Bergstrom LLC,1-(214)761-9656,wbogeyr9@quantcast.com,4 6th Plaza,Dallas,TX,75277
983,Davis Group,1-(727)597-9320,mhammellra@jigsy.com,26391 Monument Terrace,Largo,FL,34643
984,Rohan-Mann,1-(615)468-9581,bdefilipporb@boston.com,31634 Norway Maple Drive,Nashville,TN,37220
985,Schmitt-Hoeger,1-(816)444-6183,ggleesonrc@google.com.au,68387 Carberry Hill,Kansas City,MO,64149
986,Hand-Ernser,1-(917)549-6060,dbreensrd@illinois.edu,0 Del Sol Circle,New York City,NY,10105
987,Rowe-Mayer,1-(801)536-4791,tmccaffreyre@typepad.com,7 Loeprich Parkway,Ogden,UT,84403
988,Buckridge-Bartoletti,1-(917)811-9823,clongworthyrf@ebay.com,2512 Messerschmidt Pass,New York City,NY,10110
989,Altenwerth LLC,1-(615)114-0834,mdienesrg@nyu.edu,832 Di Loreto Pass,Nashville,TN,37220
990,Willms-Stroman,1-(919)839-9456,nhuckstepprh@newsvine.com,79724 Roxbury Way,Raleigh,NC,27610
991,Dare-Hickle,1-(361)455-5492,tcarlillri@newyorker.com,820 Hazelcrest Lane,Corpus Christi,TX,78465
992,Mayer LLC,1-(970)929-9032,mortsrj@chron.com,728 Kim Street,Fort Collins,CO,80525
993,Wilderman Inc,1-(713)370-6660,omulfordrk@sina.com.cn,610 Doe Crossing Hill,Houston,TX,77288
994,Prohaska-Johns,1-(215)767-4412,sploverrl@hibu.com,5071 Lerdahl Alley,Philadelphia,PA,19125
995,Williamson  Jerde and Romaguera,1-(314)286-5764,lrubbertsrm@cbslocal.com,5 Thackeray Trail,Saint Louis,MO,63158
996,Beatty LLC,1-(615)572-6509,tnokern@irs.gov,3853 Fulton Pass,Nashville,TN,37245
997,D'Amore-Konopelski,1-(913)671-9559,bpowneyro@arizona.edu,528 Glendale Crossing,Shawnee Mission,KS,66210
998,Smith  Orn and Schroeder,1-(904)108-7448,cparrisrp@ycombinator.com,5 Hollow Ridge Avenue,Jacksonville,FL,32215
999,Bins and Sons,1-(202)150-5865,jmaultrq@huffingtonpost.com,808 Golden Leaf Trail,Washington,DC,20205
1000,Medhurst-Koelpin,1-(313)497-7833,etheriotrr@nifty.com,01 Pleasure Court,Detroit,MI,48267